timestamp,incident_group_id,scenario,severity,replicate,candidate_action,expected_decision,baseline_latency_ms,baseline_error_rate,baseline_availability,pre_cpu,pre_memory,pre_latency_ms,pre_error_rate,pre_dependency_available,pre_requests,pre_successful_requests,pre_median_client_latency_ms,post_cpu,post_memory,post_latency_ms,post_error_rate,post_dependency_available,post_availability,recovery_success,recovery_time_ms
2026-10-06T15:22:38.%f+00:00,IG_00e9b2ba3c,cpu,0.5,0,Do Nothing,Scale Out,0.0313,0.0,1.0,60.81,15.56,0.0366,0.0,1.0,15,15,213.8,61.59,15.86,0.0693,0.0,1.0,0.897,0,141
2026-10-06T15:22:50.%f+00:00,IG_00e9b2ba3c,cpu,0.5,0,Scale Out,Scale Out,0.0313,0.0,1.0,60.81,15.56,0.0366,0.0,1.0,15,15,213.8,10.72,12.0,0.0433,0.0,1.0,0.995,1,11336
2026-10-06T15:22:55.%f+00:00,IG_00e9b2ba3c,cpu,0.5,0,Restart Service,Scale Out,0.0313,0.0,1.0,60.81,15.56,0.0366,0.0,1.0,15,15,213.8,9.53,12.0,0.0378,0.0,1.0,0.999,1,4480
2026-10-06T15:23:03.%f+00:00,IG_00e9b2ba3c,cpu,0.5,0,Rollback,Scale Out,0.0313,0.0,1.0,60.81,15.56,0.0366,0.0,1.0,15,15,213.8,62.22,14.25,0.071,0.0,1.0,0.875,0,6493
2026-10-06T15:23:07.%f+00:00,IG_00e9b2ba3c,cpu,0.5,0,Restart Dependency,Scale Out,0.0313,0.0,1.0,60.81,15.56,0.0366,0.0,1.0,15,15,213.8,66.66,16.86,0.0724,0.0,1.0,0.764,0,4145
2026-10-06T15:23:10.%f+00:00,IG_01d7d67e5c,cpu,0.6,1,Do Nothing,Scale Out,0.0554,0.0,1.0,73.97,13.34,0.0613,0.0,1.0,14,14,215.2,79.27,13.19,0.0984,0.0,1.0,0.832,0,151
2026-10-06T15:23:23.%f+00:00,IG_01d7d67e5c,cpu,0.6,1,Scale Out,Scale Out,0.0554,0.0,1.0,73.97,13.34,0.0613,0.0,1.0,14,14,215.2,25.73,12.0,0.0651,0.0,1.0,0.988,1,12108
2026-10-06T15:23:29.%f+00:00,IG_01d7d67e5c,cpu,0.6,1,Restart Service,Scale Out,0.0554,0.0,1.0,73.97,13.34,0.0613,0.0,1.0,14,14,215.2,70.84,12.41,0.1185,0.0,1.0,0.772,0,5714
2026-10-06T15:23:37.%f+00:00,IG_01d7d67e5c,cpu,0.6,1,Rollback,Scale Out,0.0554,0.0,1.0,73.97,13.34,0.0613,0.0,1.0,14,14,215.2,63.26,14.38,0.0828,0.0,1.0,0.81,0,7156
2026-10-06T15:23:42.%f+00:00,IG_01d7d67e5c,cpu,0.6,1,Restart Dependency,Scale Out,0.0554,0.0,1.0,73.97,13.34,0.0613,0.0,1.0,14,14,215.2,83.59,12.24,0.1036,0.0,1.0,0.866,0,4190
2026-10-06T15:23:45.%f+00:00,IG_00b5a1aa7f,cpu,0.7,2,Do Nothing,Scale Out,0.0336,0.0,1.0,80.27,24.28,0.0345,0.0,1.0,15,15,218.3,92.11,23.55,0.06,0.12,1.0,0.762,0,81
2026-10-06T15:23:55.%f+00:00,IG_00b5a1aa7f,cpu,0.7,2,Scale Out,Scale Out,0.0336,0.0,1.0,80.27,24.28,0.0345,0.0,1.0,15,15,218.3,17.89,14.49,0.0435,0.0,1.0,0.991,1,9329
2026-10-06T15:24:01.%f+00:00,IG_00b5a1aa7f,cpu,0.7,2,Restart Service,Scale Out,0.0336,0.0,1.0,80.27,24.28,0.0345,0.0,1.0,15,15,218.3,20.62,12.0,0.04,0.0,1.0,0.999,1,5149
2026-10-06T15:24:09.%f+00:00,IG_00b5a1aa7f,cpu,0.7,2,Rollback,Scale Out,0.0336,0.0,1.0,80.27,24.28,0.0345,0.0,1.0,15,15,218.3,20.72,12.0,0.0437,0.0,1.0,0.997,1,7696
2026-10-06T15:24:14.%f+00:00,IG_00b5a1aa7f,cpu,0.7,2,Restart Dependency,Scale Out,0.0336,0.0,1.0,80.27,24.28,0.0345,0.0,1.0,15,15,218.3,74.73,23.92,0.0721,0.0,1.0,0.906,0,3763
2026-10-06T15:24:16.%f+00:00,IG_0037cd129f,cpu,0.8,3,Do Nothing,Scale Out,0.04,0.0,1.0,86.86,16.59,0.0362,0.0,1.0,11,11,241.0,87.51,17.08,0.0774,0.0,1.0,0.886,0,106
2026-10-06T15:24:26.%f+00:00,IG_0037cd129f,cpu,0.8,3,Scale Out,Scale Out,0.04,0.0,1.0,86.86,16.59,0.0362,0.0,1.0,11,11,241.0,26.9,12.0,0.049,0.0,1.0,0.989,1,8739
2026-10-06T15:24:33.%f+00:00,IG_0037cd129f,cpu,0.8,3,Restart Service,Scale Out,0.04,0.0,1.0,86.86,16.59,0.0362,0.0,1.0,11,11,241.0,26.92,12.0,0.0509,0.0,1.0,0.998,1,5865
2026-10-06T15:24:39.%f+00:00,IG_0037cd129f,cpu,0.8,3,Rollback,Scale Out,0.04,0.0,1.0,86.86,16.59,0.0362,0.0,1.0,11,11,241.0,97.51,18.08,0.0595,0.0,1.0,0.823,0,5834
2026-10-06T15:24:43.%f+00:00,IG_0037cd129f,cpu,0.8,3,Restart Dependency,Scale Out,0.04,0.0,1.0,86.86,16.59,0.0362,0.0,1.0,11,11,241.0,88.26,16.79,0.072,0.12,1.0,0.884,0,2918
2026-10-06T15:24:45.%f+00:00,IG_01cf5b82bc,cpu,0.9,4,Do Nothing,Scale Out,0.0693,0.0,1.0,95.69,18.66,0.0665,0.0,1.0,11,11,285.0,86.21,20.15,0.0806,0.0,1.0,0.764,0,156
2026-10-06T15:24:56.%f+00:00,IG_01cf5b82bc,cpu,0.9,4,Scale Out,Scale Out,0.0693,0.0,1.0,95.69,18.66,0.0665,0.0,1.0,11,11,285.0,16.68,12.0,0.0909,0.0,1.0,0.994,1,10004
2026-10-06T15:25:02.%f+00:00,IG_01cf5b82bc,cpu,0.9,4,Restart Service,Scale Out,0.0693,0.0,1.0,95.69,18.66,0.0665,0.0,1.0,11,11,285.0,27.35,12.0,0.0873,0.0,1.0,0.999,1,4822
2026-10-06T15:25:09.%f+00:00,IG_01cf5b82bc,cpu,0.9,4,Rollback,Scale Out,0.0693,0.0,1.0,95.69,18.66,0.0665,0.0,1.0,11,11,285.0,83.97,16.99,0.1406,0.0,1.0,0.837,0,6211
2026-10-06T15:25:13.%f+00:00,IG_01cf5b82bc,cpu,0.9,4,Restart Dependency,Scale Out,0.0693,0.0,1.0,95.69,18.66,0.0665,0.0,1.0,11,11,285.0,98.0,17.23,0.0749,0.0,1.0,0.892,0,3484
2026-10-06T15:25:16.%f+00:00,IG_003de862da,cpu,1.0,5,Do Nothing,Scale Out,0.0682,0.0,1.0,98.0,14.51,0.0756,0.0,1.0,9,9,271.2,84.13,14.0,0.0997,0.12,1.0,0.777,0,101
2026-10-06T15:25:25.%f+00:00,IG_003de862da,cpu,1.0,5,Scale Out,Scale Out,0.0682,0.0,1.0,98.0,14.51,0.0756,0.0,1.0,9,9,271.2,28.23,12.0,0.0708,0.0,1.0,0.987,1,8713
2026-10-06T15:25:32.%f+00:00,IG_003de862da,cpu,1.0,5,Restart Service,Scale Out,0.0682,0.0,1.0,98.0,14.51,0.0756,0.0,1.0,9,9,271.2,14.83,12.0,0.069,0.0,1.0,0.989,1,6062
2026-10-06T15:25:38.%f+00:00,IG_003de862da,cpu,1.0,5,Rollback,Scale Out,0.0682,0.0,1.0,98.0,14.51,0.0756,0.0,1.0,9,9,271.2,98.0,15.78,0.1624,0.12,1.0,0.824,0,5205
2026-10-06T15:25:44.%f+00:00,IG_003de862da,cpu,1.0,5,Restart Dependency,Scale Out,0.0682,0.0,1.0,98.0,14.51,0.0756,0.0,1.0,9,9,271.2,92.27,14.32,0.163,0.0,1.0,0.82,0,5408
2026-10-06T15:25:47.%f+00:00,IG_002470e2f9,cpu,1.1,6,Do Nothing,Scale Out,0.055,0.0,1.0,98.0,20.01,0.0591,0.0,1.0,10,10,302.5,92.36,18.7,0.066,0.12,1.0,0.904,0,122
2026-10-06T15:25:57.%f+00:00,IG_002470e2f9,cpu,1.1,6,Scale Out,Scale Out,0.055,0.0,1.0,98.0,20.01,0.0591,0.0,1.0,10,10,302.5,90.05,18.56,0.0771,0.0,1.0,0.905,0,9395
2026-10-06T15:26:03.%f+00:00,IG_002470e2f9,cpu,1.1,6,Restart Service,Scale Out,0.055,0.0,1.0,98.0,20.01,0.0591,0.0,1.0,10,10,302.5,27.59,12.0,0.0576,0.0,1.0,0.994,1,5347
2026-10-06T15:26:11.%f+00:00,IG_002470e2f9,cpu,1.1,6,Rollback,Scale Out,0.055,0.0,1.0,98.0,20.01,0.0591,0.0,1.0,10,10,302.5,98.0,21.17,0.1193,0.0,1.0,0.916,0,7136
2026-10-06T15:26:17.%f+00:00,IG_002470e2f9,cpu,1.1,6,Restart Dependency,Scale Out,0.055,0.0,1.0,98.0,20.01,0.0591,0.0,1.0,10,10,302.5,98.0,20.58,0.0886,0.0,1.0,0.8,0,5180
2026-10-06T15:26:19.%f+00:00,IG_003dbff31a,cpu,1.2000000000000002,7,Do Nothing,Scale Out,0.0691,0.0,1.0,98.0,13.36,0.0664,0.0,1.0,12,12,322.6,98.0,13.45,0.0982,0.0,1.0,0.785,0,161
2026-10-06T15:26:32.%f+00:00,IG_003dbff31a,cpu,1.2000000000000002,7,Scale Out,Scale Out,0.0691,0.0,1.0,98.0,13.36,0.0664,0.0,1.0,12,12,322.6,29.36,12.0,0.0785,0.0,1.0,0.998,1,11882
2026-10-06T15:26:38.%f+00:00,IG_003dbff31a,cpu,1.2000000000000002,7,Restart Service,Scale Out,0.0691,0.0,1.0,98.0,13.36,0.0664,0.0,1.0,12,12,322.6,89.84,12.72,0.1244,0.0,1.0,0.827,0,4677
2026-10-06T15:26:43.%f+00:00,IG_003dbff31a,cpu,1.2000000000000002,7,Rollback,Scale Out,0.0691,0.0,1.0,98.0,13.36,0.0664,0.0,1.0,12,12,322.6,16.63,12.0,0.0713,0.0,1.0,0.983,1,4799
2026-10-06T15:26:49.%f+00:00,IG_003dbff31a,cpu,1.2000000000000002,7,Restart Dependency,Scale Out,0.0691,0.0,1.0,98.0,13.36,0.0664,0.0,1.0,12,12,322.6,98.0,13.46,0.0851,0.0,1.0,0.76,0,4838
2026-10-06T15:26:51.%f+00:00,IG_000232cf3a,cpu,1.3,8,Do Nothing,Scale Out,0.0363,0.0,1.0,98.0,19.85,0.0445,0.0,1.0,9,9,339.3,88.61,20.49,0.0575,0.12,1.0,0.866,0,126
2026-10-06T15:27:03.%f+00:00,IG_000232cf3a,cpu,1.3,8,Scale Out,Scale Out,0.0363,0.0,1.0,98.0,19.85,0.0445,0.0,1.0,9,9,339.3,20.68,13.23,0.0373,0.0,1.0,0.984,1,11052
2026-10-06T15:27:08.%f+00:00,IG_000232cf3a,cpu,1.3,8,Restart Service,Scale Out,0.0363,0.0,1.0,98.0,19.85,0.0445,0.0,1.0,9,9,339.3,94.25,19.95,0.065,0.0,1.0,0.844,0,3721
2026-10-06T15:27:16.%f+00:00,IG_000232cf3a,cpu,1.3,8,Rollback,Scale Out,0.0363,0.0,1.0,98.0,19.85,0.0445,0.0,1.0,9,9,339.3,98.0,18.39,0.087,0.0,1.0,0.848,0,7424
2026-10-06T15:27:19.%f+00:00,IG_000232cf3a,cpu,1.3,8,Restart Dependency,Scale Out,0.0363,0.0,1.0,98.0,19.85,0.0445,0.0,1.0,9,9,339.3,98.0,18.12,0.0589,0.0,1.0,0.811,0,2693
2026-10-06T15:27:22.%f+00:00,IG_003e333358,cpu,1.4,9,Do Nothing,Scale Out,0.0717,0.0,1.0,98.0,15.62,0.0775,0.0,1.0,8,8,364.7,84.03,15.86,0.1031,0.0,1.0,0.8,0,88
2026-10-06T15:27:35.%f+00:00,IG_003e333358,cpu,1.4,9,Scale Out,Scale Out,0.0717,0.0,1.0,98.0,15.62,0.0775,0.0,1.0,8,8,364.7,26.06,12.0,0.0743,0.0,1.0,0.985,1,12245
2026-10-06T15:27:42.%f+00:00,IG_003e333358,cpu,1.4,9,Restart Service,Scale Out,0.0717,0.0,1.0,98.0,15.62,0.0775,0.0,1.0,8,8,364.7,32.85,12.0,0.0965,0.0,1.0,0.99,1,6181
2026-10-06T15:27:50.%f+00:00,IG_003e333358,cpu,1.4,9,Rollback,Scale Out,0.0717,0.0,1.0,98.0,15.62,0.0775,0.0,1.0,8,8,364.7,29.91,12.0,0.0877,0.0,1.0,0.999,1,7847
2026-10-06T15:27:56.%f+00:00,IG_003e333358,cpu,1.4,9,Restart Dependency,Scale Out,0.0717,0.0,1.0,98.0,15.62,0.0775,0.0,1.0,8,8,364.7,30.62,12.0,0.0768,0.0,1.0,0.983,1,5018
2026-10-06T15:27:59.%f+00:00,IG_01fa63f77d,cpu,1.5,10,Do Nothing,Scale Out,0.0568,0.0,1.0,98.0,24.2,0.0725,0.0,1.0,13,13,365.4,98.0,25.19,0.0866,0.12,1.0,0.754,0,165
2026-10-06T15:28:10.%f+00:00,IG_01fa63f77d,cpu,1.5,10,Scale Out,Scale Out,0.0568,0.0,1.0,98.0,24.2,0.0725,0.0,1.0,13,13,365.4,32.83,15.63,0.0597,0.0,1.0,1.0,1,10371
2026-10-06T15:28:14.%f+00:00,IG_01fa63f77d,cpu,1.5,10,Restart Service,Scale Out,0.0568,0.0,1.0,98.0,24.2,0.0725,0.0,1.0,13,13,365.4,16.41,12.0,0.0726,0.0,1.0,1.0,1,3666
2026-10-06T15:28:20.%f+00:00,IG_01fa63f77d,cpu,1.5,10,Rollback,Scale Out,0.0568,0.0,1.0,98.0,24.2,0.0725,0.0,1.0,13,13,365.4,94.66,23.98,0.1402,0.0,1.0,0.758,0,5176
2026-10-06T15:28:26.%f+00:00,IG_01fa63f77d,cpu,1.5,10,Restart Dependency,Scale Out,0.0568,0.0,1.0,98.0,24.2,0.0725,0.0,1.0,13,13,365.4,98.0,22.49,0.1188,0.0,1.0,0.877,0,4699
2026-10-06T15:28:28.%f+00:00,IG_022b94df9b,cpu,1.6,11,Do Nothing,Scale Out,0.0543,0.0,1.0,98.0,15.28,0.0576,0.0,1.0,14,14,392.5,98.0,14.25,0.071,0.0,1.0,0.813,0,152
2026-10-06T15:28:38.%f+00:00,IG_022b94df9b,cpu,1.6,11,Scale Out,Scale Out,0.0543,0.0,1.0,98.0,15.28,0.0576,0.0,1.0,14,14,392.5,98.0,15.23,0.1059,0.0,1.0,0.813,0,8981
2026-10-06T15:28:43.%f+00:00,IG_022b94df9b,cpu,1.6,11,Restart Service,Scale Out,0.0543,0.0,1.0,98.0,15.28,0.0576,0.0,1.0,14,14,392.5,98.0,14.68,0.0789,0.0,1.0,0.811,0,4117
2026-10-06T15:28:49.%f+00:00,IG_022b94df9b,cpu,1.6,11,Rollback,Scale Out,0.0543,0.0,1.0,98.0,15.28,0.0576,0.0,1.0,14,14,392.5,94.64,15.04,0.0736,0.12,1.0,0.867,0,4719
2026-10-06T15:28:55.%f+00:00,IG_022b94df9b,cpu,1.6,11,Restart Dependency,Scale Out,0.0543,0.0,1.0,98.0,15.28,0.0576,0.0,1.0,14,14,392.5,88.2,14.26,0.0916,0.0,1.0,0.817,0,5274
2026-10-06T15:28:57.%f+00:00,IG_001c62d3b7,cpu,1.7000000000000002,12,Do Nothing,Scale Out,0.034,0.0,1.0,98.0,12.49,0.0318,0.0,1.0,9,9,407.4,98.0,11.28,0.0371,0.12,1.0,0.855,0,89
2026-10-06T15:29:10.%f+00:00,IG_001c62d3b7,cpu,1.7000000000000002,12,Scale Out,Scale Out,0.034,0.0,1.0,98.0,12.49,0.0318,0.0,1.0,9,9,407.4,98.0,13.48,0.067,0.0,1.0,0.833,0,11943
2026-10-06T15:29:16.%f+00:00,IG_001c62d3b7,cpu,1.7000000000000002,12,Restart Service,Scale Out,0.034,0.0,1.0,98.0,12.49,0.0318,0.0,1.0,9,9,407.4,98.0,13.0,0.0389,0.0,1.0,0.787,0,5681
2026-10-06T15:29:22.%f+00:00,IG_001c62d3b7,cpu,1.7000000000000002,12,Rollback,Scale Out,0.034,0.0,1.0,98.0,12.49,0.0318,0.0,1.0,9,9,407.4,87.82,11.85,0.0593,0.12,1.0,0.914,0,5335
2026-10-06T15:29:28.%f+00:00,IG_001c62d3b7,cpu,1.7000000000000002,12,Restart Dependency,Scale Out,0.034,0.0,1.0,98.0,12.49,0.0318,0.0,1.0,9,9,407.4,88.9,12.6,0.0524,0.0,1.0,0.889,0,4495
2026-10-06T15:29:30.%f+00:00,IG_010bc4cfd9,cpu,1.8,13,Do Nothing,Scale Out,0.0676,0.0,1.0,98.0,19.66,0.0802,0.0,1.0,11,11,453.5,91.59,19.18,0.1701,0.0,1.0,0.769,0,92
2026-10-06T15:29:41.%f+00:00,IG_010bc4cfd9,cpu,1.8,13,Scale Out,Scale Out,0.0676,0.0,1.0,98.0,19.66,0.0802,0.0,1.0,11,11,453.5,15.05,12.0,0.0767,0.0,1.0,0.995,1,9931
2026-10-06T15:29:48.%f+00:00,IG_010bc4cfd9,cpu,1.8,13,Restart Service,Scale Out,0.0676,0.0,1.0,98.0,19.66,0.0802,0.0,1.0,11,11,453.5,98.0,21.26,0.1174,0.0,1.0,0.896,0,6013
2026-10-06T15:29:54.%f+00:00,IG_010bc4cfd9,cpu,1.8,13,Rollback,Scale Out,0.0676,0.0,1.0,98.0,19.66,0.0802,0.0,1.0,11,11,453.5,83.85,18.78,0.0955,0.12,1.0,0.896,0,5579
2026-10-06T15:30:00.%f+00:00,IG_010bc4cfd9,cpu,1.8,13,Restart Dependency,Scale Out,0.0676,0.0,1.0,98.0,19.66,0.0802,0.0,1.0,11,11,453.5,16.45,12.0,0.0678,0.0,1.0,0.999,1,5163
2026-10-06T15:30:03.%f+00:00,IG_01dde4cff9,cpu,1.9000000000000001,14,Do Nothing,Scale Out,0.0377,0.0,1.0,98.0,22.12,0.0412,0.0,1.0,15,15,444.7,98.0,23.25,0.0523,0.12,1.0,0.781,0,90
2026-10-06T15:30:12.%f+00:00,IG_01dde4cff9,cpu,1.9000000000000001,14,Scale Out,Scale Out,0.0377,0.0,1.0,98.0,22.12,0.0412,0.0,1.0,15,15,444.7,98.0,21.34,0.0611,0.0,1.0,0.88,0,8847
2026-10-06T15:30:17.%f+00:00,IG_01dde4cff9,cpu,1.9000000000000001,14,Restart Service,Scale Out,0.0377,0.0,1.0,98.0,22.12,0.0412,0.0,1.0,15,15,444.7,92.46,22.86,0.0581,0.0,1.0,0.766,0,4041
2026-10-06T15:30:25.%f+00:00,IG_01dde4cff9,cpu,1.9000000000000001,14,Rollback,Scale Out,0.0377,0.0,1.0,98.0,22.12,0.0412,0.0,1.0,15,15,444.7,96.21,23.6,0.0702,0.0,1.0,0.857,0,7102
2026-10-06T15:30:28.%f+00:00,IG_01dde4cff9,cpu,1.9000000000000001,14,Restart Dependency,Scale Out,0.0377,0.0,1.0,98.0,22.12,0.0412,0.0,1.0,15,15,444.7,98.0,21.25,0.0455,0.12,1.0,0.902,0,2655
2026-10-06T15:30:31.%f+00:00,IG_000b0cc415,cpu,2.0,15,Do Nothing,Scale Out,0.0506,0.0,1.0,98.0,12.36,0.0525,0.0,1.0,13,13,479.4,98.0,12.95,0.11,0.0,1.0,0.851,0,155
2026-10-06T15:30:43.%f+00:00,IG_000b0cc415,cpu,2.0,15,Scale Out,Scale Out,0.0506,0.0,1.0,98.0,12.36,0.0525,0.0,1.0,13,13,479.4,32.55,12.0,0.0626,0.0,1.0,0.99,1,11066
2026-10-06T15:30:48.%f+00:00,IG_000b0cc415,cpu,2.0,15,Restart Service,Scale Out,0.0506,0.0,1.0,98.0,12.36,0.0525,0.0,1.0,13,13,479.4,85.8,11.22,0.0782,0.0,1.0,0.798,0,4952
2026-10-06T15:30:54.%f+00:00,IG_000b0cc415,cpu,2.0,15,Rollback,Scale Out,0.0506,0.0,1.0,98.0,12.36,0.0525,0.0,1.0,13,13,479.4,98.0,11.66,0.0917,0.12,1.0,0.803,0,4861
2026-10-06T15:30:59.%f+00:00,IG_000b0cc415,cpu,2.0,15,Restart Dependency,Scale Out,0.0506,0.0,1.0,98.0,12.36,0.0525,0.0,1.0,13,13,479.4,92.18,13.52,0.0717,0.0,1.0,0.766,0,4306
2026-10-06T15:31:02.%f+00:00,IG_0112b02834,cpu,2.1,16,Do Nothing,Scale Out,0.0304,0.0,1.0,98.0,13.28,0.0297,0.0,1.0,11,11,472.3,98.0,14.05,0.0361,0.0,1.0,0.866,0,111
2026-10-06T15:31:12.%f+00:00,IG_0112b02834,cpu,2.1,16,Scale Out,Scale Out,0.0304,0.0,1.0,98.0,13.28,0.0297,0.0,1.0,11,11,472.3,98.0,13.68,0.0329,0.0,1.0,0.873,0,9845
2026-10-06T15:31:19.%f+00:00,IG_0112b02834,cpu,2.1,16,Restart Service,Scale Out,0.0304,0.0,1.0,98.0,13.28,0.0297,0.0,1.0,11,11,472.3,88.39,14.19,0.0444,0.0,1.0,0.758,0,6167
2026-10-06T15:31:25.%f+00:00,IG_0112b02834,cpu,2.1,16,Rollback,Scale Out,0.0304,0.0,1.0,98.0,13.28,0.0297,0.0,1.0,11,11,472.3,92.87,13.87,0.0606,0.12,1.0,0.889,0,4975
2026-10-06T15:31:31.%f+00:00,IG_0112b02834,cpu,2.1,16,Restart Dependency,Scale Out,0.0304,0.0,1.0,98.0,13.28,0.0297,0.0,1.0,11,11,472.3,92.91,13.38,0.0548,0.0,1.0,0.819,0,5311
2026-10-06T15:31:34.%f+00:00,IG_0040d11854,cpu,2.2,17,Do Nothing,Scale Out,0.0669,0.0,1.0,98.0,21.91,0.0737,0.0,1.0,14,14,509.1,92.39,20.99,0.096,0.12,1.0,0.824,0,163
2026-10-06T15:31:44.%f+00:00,IG_0040d11854,cpu,2.2,17,Scale Out,Scale Out,0.0669,0.0,1.0,98.0,21.91,0.0737,0.0,1.0,14,14,509.1,23.15,12.0,0.0932,0.0,1.0,0.998,1,9962
2026-10-06T15:31:50.%f+00:00,IG_0040d11854,cpu,2.2,17,Restart Service,Scale Out,0.0669,0.0,1.0,98.0,21.91,0.0737,0.0,1.0,14,14,509.1,24.16,13.71,0.0853,0.0,1.0,0.999,1,4520
2026-10-06T15:31:58.%f+00:00,IG_0040d11854,cpu,2.2,17,Rollback,Scale Out,0.0669,0.0,1.0,98.0,21.91,0.0737,0.0,1.0,14,14,509.1,86.58,21.06,0.1097,0.12,1.0,0.829,0,6991
2026-10-06T15:32:02.%f+00:00,IG_0040d11854,cpu,2.2,17,Restart Dependency,Scale Out,0.0669,0.0,1.0,98.0,21.91,0.0737,0.0,1.0,14,14,509.1,98.0,22.44,0.09,0.0,1.0,0.795,0,3711
2026-10-06T15:32:05.%f+00:00,IG_0133b1e073,cpu,2.3,18,Do Nothing,Scale Out,0.0624,0.0,1.0,98.0,24.97,0.0614,0.0,1.0,11,11,530.6,92.36,26.81,0.0908,0.0,1.0,0.793,0,165
2026-10-06T15:32:14.%f+00:00,IG_0133b1e073,cpu,2.3,18,Scale Out,Scale Out,0.0624,0.0,1.0,98.0,24.97,0.0614,0.0,1.0,11,11,530.6,33.66,17.04,0.0737,0.0,1.0,0.987,1,8612
2026-10-06T15:32:20.%f+00:00,IG_0133b1e073,cpu,2.3,18,Restart Service,Scale Out,0.0624,0.0,1.0,98.0,24.97,0.0614,0.0,1.0,11,11,530.6,98.0,23.15,0.1085,0.0,1.0,0.761,0,5276
2026-10-06T15:32:29.%f+00:00,IG_0133b1e073,cpu,2.3,18,Rollback,Scale Out,0.0624,0.0,1.0,98.0,24.97,0.0614,0.0,1.0,11,11,530.6,98.0,25.85,0.1027,0.0,1.0,0.9,0,7772
2026-10-06T15:32:33.%f+00:00,IG_0133b1e073,cpu,2.3,18,Restart Dependency,Scale Out,0.0624,0.0,1.0,98.0,24.97,0.0614,0.0,1.0,11,11,530.6,98.0,24.53,0.0725,0.0,1.0,0.795,0,3236
2026-10-06T15:32:35.%f+00:00,IG_0112aa7892,cpu,2.4000000000000004,19,Do Nothing,Scale Out,0.0646,0.0,1.0,98.0,22.97,0.0729,0.0,1.0,12,12,529.6,97.57,23.72,0.1228,0.12,1.0,0.861,0,165
2026-10-06T15:32:48.%f+00:00,IG_0112aa7892,cpu,2.4000000000000004,19,Scale Out,Scale Out,0.0646,0.0,1.0,98.0,22.97,0.0729,0.0,1.0,12,12,529.6,33.11,14.35,0.0693,0.0,1.0,0.99,1,11839
2026-10-06T15:32:54.%f+00:00,IG_0112aa7892,cpu,2.4000000000000004,19,Restart Service,Scale Out,0.0646,0.0,1.0,98.0,22.97,0.0729,0.0,1.0,12,12,529.6,91.07,24.67,0.0865,0.0,1.0,0.872,0,5109
2026-10-06T15:33:00.%f+00:00,IG_0112aa7892,cpu,2.4000000000000004,19,Rollback,Scale Out,0.0646,0.0,1.0,98.0,22.97,0.0729,0.0,1.0,12,12,529.6,84.8,22.13,0.1099,0.12,1.0,0.846,0,5136
2026-10-06T15:33:04.%f+00:00,IG_0112aa7892,cpu,2.4000000000000004,19,Restart Dependency,Scale Out,0.0646,0.0,1.0,98.0,22.97,0.0729,0.0,1.0,12,12,529.6,98.0,23.17,0.1369,0.0,1.0,0.795,0,3835
2026-10-06T15:33:07.%f+00:00,IG_00aa0944b1,cpu,2.5,20,Do Nothing,Scale Out,0.0386,0.0,1.0,98.0,22.79,0.038,0.0,1.0,10,10,578.3,19.43,13.38,0.0441,0.0,1.0,0.99,1,128
2026-10-06T15:33:17.%f+00:00,IG_00aa0944b1,cpu,2.5,20,Scale Out,Scale Out,0.0386,0.0,1.0,98.0,22.79,0.038,0.0,1.0,10,10,578.3,90.56,23.23,0.0435,0.0,1.0,0.847,0,9186
2026-10-06T15:33:23.%f+00:00,IG_00aa0944b1,cpu,2.5,20,Restart Service,Scale Out,0.0386,0.0,1.0,98.0,22.79,0.038,0.0,1.0,10,10,578.3,91.28,21.85,0.0813,0.0,1.0,0.827,0,5161
2026-10-06T15:33:29.%f+00:00,IG_00aa0944b1,cpu,2.5,20,Rollback,Scale Out,0.0386,0.0,1.0,98.0,22.79,0.038,0.0,1.0,10,10,578.3,98.0,24.54,0.0463,0.12,1.0,0.893,0,5232
2026-10-06T15:33:33.%f+00:00,IG_00aa0944b1,cpu,2.5,20,Restart Dependency,Scale Out,0.0386,0.0,1.0,98.0,22.79,0.038,0.0,1.0,10,10,578.3,98.0,22.05,0.0728,0.0,1.0,0.837,0,3725
2026-10-06T15:33:36.%f+00:00,IG_00c615a8ce,cpu,2.6,21,Do Nothing,Scale Out,0.0472,0.0,1.0,98.0,23.8,0.0531,0.0,1.0,9,9,586.1,97.91,23.43,0.1167,0.0,1.0,0.777,0,180
2026-10-06T15:33:49.%f+00:00,IG_00c615a8ce,cpu,2.6,21,Scale Out,Scale Out,0.0472,0.0,1.0,98.0,23.8,0.0531,0.0,1.0,9,9,586.1,98.0,24.85,0.0851,0.12,1.0,0.754,0,12009
2026-10-06T15:33:54.%f+00:00,IG_00c615a8ce,cpu,2.6,21,Restart Service,Scale Out,0.0472,0.0,1.0,98.0,23.8,0.0531,0.0,1.0,9,9,586.1,98.0,21.47,0.0948,0.12,1.0,0.751,0,5036
2026-10-06T15:34:03.%f+00:00,IG_00c615a8ce,cpu,2.6,21,Rollback,Scale Out,0.0472,0.0,1.0,98.0,23.8,0.0531,0.0,1.0,9,9,586.1,33.26,15.65,0.0569,0.0,1.0,0.982,1,7819
2026-10-06T15:34:09.%f+00:00,IG_00c615a8ce,cpu,2.6,21,Restart Dependency,Scale Out,0.0472,0.0,1.0,98.0,23.8,0.0531,0.0,1.0,9,9,586.1,94.84,25.41,0.0881,0.0,1.0,0.76,0,5110
2026-10-06T15:34:12.%f+00:00,IG_024f01dcf2,cpu,2.7,22,Do Nothing,Scale Out,0.0633,0.0,1.0,98.0,13.84,0.059,0.0,1.0,9,9,570.5,98.0,14.56,0.1209,0.0,1.0,0.796,0,142
2026-10-06T15:34:22.%f+00:00,IG_024f01dcf2,cpu,2.7,22,Scale Out,Scale Out,0.0633,0.0,1.0,98.0,13.84,0.059,0.0,1.0,9,9,570.5,23.14,12.0,0.0825,0.0,1.0,0.996,1,9504
2026-10-06T15:34:29.%f+00:00,IG_024f01dcf2,cpu,2.7,22,Restart Service,Scale Out,0.0633,0.0,1.0,98.0,13.84,0.059,0.0,1.0,9,9,570.5,23.18,12.0,0.067,0.0,1.0,0.989,1,6493
2026-10-06T15:34:36.%f+00:00,IG_024f01dcf2,cpu,2.7,22,Rollback,Scale Out,0.0633,0.0,1.0,98.0,13.84,0.059,0.0,1.0,9,9,570.5,16.31,12.0,0.0765,0.0,1.0,0.999,1,5597
2026-10-06T15:34:41.%f+00:00,IG_024f01dcf2,cpu,2.7,22,Restart Dependency,Scale Out,0.0633,0.0,1.0,98.0,13.84,0.059,0.0,1.0,9,9,570.5,85.57,13.7,0.1038,0.0,1.0,0.828,0,5020
2026-10-06T15:34:44.%f+00:00,IG_01acad7112,cpu,2.8000000000000003,23,Do Nothing,Scale Out,0.0787,0.0,1.0,98.0,12.83,0.0809,0.0,1.0,11,11,600.0,98.0,12.74,0.1188,0.12,1.0,0.894,0,100
2026-10-06T15:34:54.%f+00:00,IG_01acad7112,cpu,2.8000000000000003,23,Scale Out,Scale Out,0.0787,0.0,1.0,98.0,12.83,0.0809,0.0,1.0,11,11,600.0,32.44,12.0,0.105,0.0,1.0,0.983,1,9421
2026-10-06T15:35:00.%f+00:00,IG_01acad7112,cpu,2.8000000000000003,23,Restart Service,Scale Out,0.0787,0.0,1.0,98.0,12.83,0.0809,0.0,1.0,11,11,600.0,29.29,12.0,0.0917,0.0,1.0,0.998,1,4810
2026-10-06T15:35:08.%f+00:00,IG_01acad7112,cpu,2.8000000000000003,23,Rollback,Scale Out,0.0787,0.0,1.0,98.0,12.83,0.0809,0.0,1.0,11,11,600.0,91.73,14.07,0.1522,0.0,1.0,0.794,0,7389
2026-10-06T15:35:13.%f+00:00,IG_01acad7112,cpu,2.8000000000000003,23,Restart Dependency,Scale Out,0.0787,0.0,1.0,98.0,12.83,0.0809,0.0,1.0,11,11,600.0,88.63,12.54,0.1406,0.12,1.0,0.86,0,4227
2026-10-06T15:35:15.%f+00:00,IG_012bd35d32,cpu,2.9000000000000004,24,Do Nothing,Scale Out,0.0629,0.0,1.0,98.0,21.08,0.0705,0.0,1.0,11,11,611.9,98.0,20.36,0.0882,0.0,1.0,0.769,0,159
2026-10-06T15:35:27.%f+00:00,IG_012bd35d32,cpu,2.9000000000000004,24,Scale Out,Scale Out,0.0629,0.0,1.0,98.0,21.08,0.0705,0.0,1.0,11,11,611.9,29.82,12.0,0.0796,0.0,1.0,0.988,1,11204
2026-10-06T15:35:34.%f+00:00,IG_012bd35d32,cpu,2.9000000000000004,24,Restart Service,Scale Out,0.0629,0.0,1.0,98.0,21.08,0.0705,0.0,1.0,11,11,611.9,96.98,19.13,0.1424,0.0,1.0,0.828,0,5606
2026-10-06T15:35:41.%f+00:00,IG_012bd35d32,cpu,2.9000000000000004,24,Rollback,Scale Out,0.0629,0.0,1.0,98.0,21.08,0.0705,0.0,1.0,11,11,611.9,89.8,22.79,0.1394,0.0,1.0,0.872,0,6523
2026-10-06T15:35:45.%f+00:00,IG_012bd35d32,cpu,2.9000000000000004,24,Restart Dependency,Scale Out,0.0629,0.0,1.0,98.0,21.08,0.0705,0.0,1.0,11,11,611.9,92.79,21.85,0.0845,0.12,1.0,0.797,0,3415
2026-10-06T15:35:48.%f+00:00,IG_000af82152,cpu,3.0,25,Do Nothing,Scale Out,0.0568,0.0,1.0,98.0,18.55,0.0618,0.0,1.0,15,15,620.0,93.04,20.12,0.0874,0.0,1.0,0.838,0,112
2026-10-06T15:35:59.%f+00:00,IG_000af82152,cpu,3.0,25,Scale Out,Scale Out,0.0568,0.0,1.0,98.0,18.55,0.0618,0.0,1.0,15,15,620.0,94.55,18.63,0.1223,0.0,1.0,0.75,0,10862
2026-10-06T15:36:07.%f+00:00,IG_000af82152,cpu,3.0,25,Restart Service,Scale Out,0.0568,0.0,1.0,98.0,18.55,0.0618,0.0,1.0,15,15,620.0,91.28,18.71,0.1075,0.0,1.0,0.759,0,6417
2026-10-06T15:36:12.%f+00:00,IG_000af82152,cpu,3.0,25,Rollback,Scale Out,0.0568,0.0,1.0,98.0,18.55,0.0618,0.0,1.0,15,15,620.0,28.91,12.0,0.0794,0.0,1.0,0.988,1,4744
2026-10-06T15:36:18.%f+00:00,IG_000af82152,cpu,3.0,25,Restart Dependency,Scale Out,0.0568,0.0,1.0,98.0,18.55,0.0618,0.0,1.0,15,15,620.0,98.0,18.93,0.0755,0.12,1.0,0.77,0,5058
2026-10-06T15:36:20.%f+00:00,IG_00d1f2c573,cpu,3.1,26,Do Nothing,Scale Out,0.0763,0.0,1.0,98.0,17.67,0.0725,0.0,1.0,14,14,644.5,98.0,16.21,0.1158,0.0,1.0,0.807,0,82
2026-10-06T15:36:31.%f+00:00,IG_00d1f2c573,cpu,3.1,26,Scale Out,Scale Out,0.0763,0.0,1.0,98.0,17.67,0.0725,0.0,1.0,14,14,644.5,97.06,15.96,0.1055,0.0,1.0,0.784,0,9496
2026-10-06T15:36:36.%f+00:00,IG_00d1f2c573,cpu,3.1,26,Restart Service,Scale Out,0.0763,0.0,1.0,98.0,17.67,0.0725,0.0,1.0,14,14,644.5,98.0,17.47,0.082,0.0,1.0,0.841,0,4348
2026-10-06T15:36:43.%f+00:00,IG_00d1f2c573,cpu,3.1,26,Rollback,Scale Out,0.0763,0.0,1.0,98.0,17.67,0.0725,0.0,1.0,14,14,644.5,98.0,16.27,0.1077,0.0,1.0,0.838,0,6735
2026-10-06T15:36:48.%f+00:00,IG_00d1f2c573,cpu,3.1,26,Restart Dependency,Scale Out,0.0763,0.0,1.0,98.0,17.67,0.0725,0.0,1.0,14,14,644.5,97.76,17.18,0.1329,0.0,1.0,0.86,0,4176
2026-10-06T15:36:51.%f+00:00,IG_00f050a991,cpu,3.2,27,Do Nothing,Scale Out,0.038,0.0,1.0,98.0,15.41,0.037,0.0,1.0,10,10,697.6,96.93,16.7,0.0456,0.0,1.0,0.773,0,179
2026-10-06T15:37:01.%f+00:00,IG_00f050a991,cpu,3.2,27,Scale Out,Scale Out,0.038,0.0,1.0,98.0,15.41,0.037,0.0,1.0,10,10,697.6,98.0,16.9,0.0618,0.0,1.0,0.824,0,9570
2026-10-06T15:37:06.%f+00:00,IG_00f050a991,cpu,3.2,27,Restart Service,Scale Out,0.038,0.0,1.0,98.0,15.41,0.037,0.0,1.0,10,10,697.6,95.15,16.22,0.0539,0.0,1.0,0.851,0,3933
2026-10-06T15:37:14.%f+00:00,IG_00f050a991,cpu,3.2,27,Rollback,Scale Out,0.038,0.0,1.0,98.0,15.41,0.037,0.0,1.0,10,10,697.6,97.07,16.46,0.0628,0.0,1.0,0.865,0,7123
2026-10-06T15:37:17.%f+00:00,IG_00f050a991,cpu,3.2,27,Restart Dependency,Scale Out,0.038,0.0,1.0,98.0,15.41,0.037,0.0,1.0,10,10,697.6,98.0,15.38,0.0796,0.0,1.0,0.906,0,2699
2026-10-06T15:37:20.%f+00:00,IG_0134d0fdae,cpu,3.3000000000000003,28,Do Nothing,Scale Out,0.0617,0.0,1.0,98.0,13.96,0.074,0.0,1.0,12,12,678.7,94.99,13.05,0.1581,0.12,1.0,0.753,0,167
2026-10-06T15:37:30.%f+00:00,IG_0134d0fdae,cpu,3.3000000000000003,28,Scale Out,Scale Out,0.0617,0.0,1.0,98.0,13.96,0.074,0.0,1.0,12,12,678.7,98.0,14.83,0.1058,0.0,1.0,0.919,0,9049
2026-10-06T15:37:37.%f+00:00,IG_0134d0fdae,cpu,3.3000000000000003,28,Restart Service,Scale Out,0.0617,0.0,1.0,98.0,13.96,0.074,0.0,1.0,12,12,678.7,18.09,12.0,0.0625,0.0,1.0,0.997,1,6360
2026-10-06T15:37:45.%f+00:00,IG_0134d0fdae,cpu,3.3000000000000003,28,Rollback,Scale Out,0.0617,0.0,1.0,98.0,13.96,0.074,0.0,1.0,12,12,678.7,98.0,14.08,0.1555,0.12,1.0,0.785,0,7392
2026-10-06T15:37:49.%f+00:00,IG_0134d0fdae,cpu,3.3000000000000003,28,Restart Dependency,Scale Out,0.0617,0.0,1.0,98.0,13.96,0.074,0.0,1.0,12,12,678.7,98.0,15.01,0.1476,0.0,1.0,0.919,0,3359
2026-10-06T15:37:52.%f+00:00,IG_002e3b69ce,cpu,3.4000000000000004,29,Do Nothing,Scale Out,0.0605,0.0,1.0,98.0,20.69,0.0546,0.0,1.0,10,10,737.1,98.0,19.87,0.0977,0.0,1.0,0.793,0,164
2026-10-06T15:38:04.%f+00:00,IG_002e3b69ce,cpu,3.4000000000000004,29,Scale Out,Scale Out,0.0605,0.0,1.0,98.0,20.69,0.0546,0.0,1.0,10,10,737.1,31.18,14.02,0.075,0.0,1.0,0.999,1,11205
2026-10-06T15:38:09.%f+00:00,IG_002e3b69ce,cpu,3.4000000000000004,29,Restart Service,Scale Out,0.0605,0.0,1.0,98.0,20.69,0.0546,0.0,1.0,10,10,737.1,30.61,13.17,0.0738,0.0,1.0,0.994,1,4496
2026-10-06T15:38:18.%f+00:00,IG_002e3b69ce,cpu,3.4000000000000004,29,Rollback,Scale Out,0.0605,0.0,1.0,98.0,20.69,0.0546,0.0,1.0,10,10,737.1,98.0,21.12,0.0859,0.12,1.0,0.812,0,7790
2026-10-06T15:38:22.%f+00:00,IG_002e3b69ce,cpu,3.4000000000000004,29,Restart Dependency,Scale Out,0.0605,0.0,1.0,98.0,20.69,0.0546,0.0,1.0,10,10,737.1,98.0,21.64,0.1111,0.0,1.0,0.776,0,3300
2026-10-06T15:38:24.%f+00:00,IG_022fa7c5ef,cpu,3.5,30,Do Nothing,Scale Out,0.0618,0.0,1.0,98.0,17.1,0.0569,0.0,1.0,12,12,755.7,31.32,12.0,0.0725,0.0,1.0,0.992,1,167
2026-10-06T15:38:35.%f+00:00,IG_022fa7c5ef,cpu,3.5,30,Scale Out,Scale Out,0.0618,0.0,1.0,98.0,17.1,0.0569,0.0,1.0,12,12,755.7,85.65,16.31,0.0974,0.0,1.0,0.834,0,9472
2026-10-06T15:38:41.%f+00:00,IG_022fa7c5ef,cpu,3.5,30,Restart Service,Scale Out,0.0618,0.0,1.0,98.0,17.1,0.0569,0.0,1.0,12,12,755.7,96.8,16.48,0.077,0.0,1.0,0.906,0,6018
2026-10-06T15:38:48.%f+00:00,IG_022fa7c5ef,cpu,3.5,30,Rollback,Scale Out,0.0618,0.0,1.0,98.0,17.1,0.0569,0.0,1.0,12,12,755.7,96.15,18.47,0.0876,0.0,1.0,0.806,0,6258
2026-10-06T15:38:53.%f+00:00,IG_022fa7c5ef,cpu,3.5,30,Restart Dependency,Scale Out,0.0618,0.0,1.0,98.0,17.1,0.0569,0.0,1.0,12,12,755.7,86.27,17.51,0.1145,0.0,1.0,0.788,0,3823
2026-10-06T15:38:56.%f+00:00,IG_00a09ab60e,cpu,3.6,31,Do Nothing,Scale Out,0.0384,0.0,1.0,98.0,15.77,0.0375,0.0,1.0,12,12,746.6,95.94,16.94,0.0508,0.0,1.0,0.908,0,161
2026-10-06T15:39:07.%f+00:00,IG_00a09ab60e,cpu,3.6,31,Scale Out,Scale Out,0.0384,0.0,1.0,98.0,15.77,0.0375,0.0,1.0,12,12,746.6,83.57,15.66,0.0683,0.12,1.0,0.874,0,10779
2026-10-06T15:39:14.%f+00:00,IG_00a09ab60e,cpu,3.6,31,Restart Service,Scale Out,0.0384,0.0,1.0,98.0,15.77,0.0375,0.0,1.0,12,12,746.6,93.24,15.0,0.0823,0.12,1.0,0.818,0,6334
2026-10-06T15:39:23.%f+00:00,IG_00a09ab60e,cpu,3.6,31,Rollback,Scale Out,0.0384,0.0,1.0,98.0,15.77,0.0375,0.0,1.0,12,12,746.6,89.87,17.25,0.0474,0.0,1.0,0.828,0,7652
2026-10-06T15:39:28.%f+00:00,IG_00a09ab60e,cpu,3.6,31,Restart Dependency,Scale Out,0.0384,0.0,1.0,98.0,15.77,0.0375,0.0,1.0,12,12,746.6,85.8,14.43,0.0715,0.0,1.0,0.838,0,4020
2026-10-06T15:39:30.%f+00:00,IG_0226412230,cpu,3.7,32,Do Nothing,Scale Out,0.0423,0.0,1.0,98.0,24.82,0.0466,0.0,1.0,12,12,789.0,98.0,23.04,0.0909,0.0,1.0,0.765,0,99
2026-10-06T15:39:42.%f+00:00,IG_0226412230,cpu,3.7,32,Scale Out,Scale Out,0.0423,0.0,1.0,98.0,24.82,0.0466,0.0,1.0,12,12,789.0,32.08,12.0,0.0508,0.0,1.0,0.987,1,11332
2026-10-06T15:39:47.%f+00:00,IG_0226412230,cpu,3.7,32,Restart Service,Scale Out,0.0423,0.0,1.0,98.0,24.82,0.0466,0.0,1.0,12,12,789.0,87.18,23.36,0.099,0.0,1.0,0.798,0,3821
2026-10-06T15:39:53.%f+00:00,IG_0226412230,cpu,3.7,32,Rollback,Scale Out,0.0423,0.0,1.0,98.0,24.82,0.0466,0.0,1.0,12,12,789.0,83.5,27.29,0.0574,0.12,1.0,0.919,0,5742
2026-10-06T15:39:58.%f+00:00,IG_0226412230,cpu,3.7,32,Restart Dependency,Scale Out,0.0423,0.0,1.0,98.0,24.82,0.0466,0.0,1.0,12,12,789.0,27.76,13.56,0.0571,0.0,1.0,0.995,1,4243
2026-10-06T15:40:01.%f+00:00,IG_010ba8264f,cpu,3.8000000000000003,33,Do Nothing,Scale Out,0.0419,0.0,1.0,98.0,14.6,0.038,0.0,1.0,10,10,781.2,97.01,15.54,0.0652,0.12,1.0,0.82,0,133
2026-10-06T15:40:14.%f+00:00,IG_010ba8264f,cpu,3.8000000000000003,33,Scale Out,Scale Out,0.0419,0.0,1.0,98.0,14.6,0.038,0.0,1.0,10,10,781.2,90.64,14.81,0.0694,0.0,1.0,0.806,0,11849
2026-10-06T15:40:19.%f+00:00,IG_010ba8264f,cpu,3.8000000000000003,33,Restart Service,Scale Out,0.0419,0.0,1.0,98.0,14.6,0.038,0.0,1.0,10,10,781.2,98.0,13.58,0.0632,0.0,1.0,0.761,0,5025
2026-10-06T15:40:28.%f+00:00,IG_010ba8264f,cpu,3.8000000000000003,33,Rollback,Scale Out,0.0419,0.0,1.0,98.0,14.6,0.038,0.0,1.0,10,10,781.2,98.0,13.93,0.044,0.0,1.0,0.901,0,7733
2026-10-06T15:40:34.%f+00:00,IG_010ba8264f,cpu,3.8000000000000003,33,Restart Dependency,Scale Out,0.0419,0.0,1.0,98.0,14.6,0.038,0.0,1.0,10,10,781.2,86.65,13.76,0.0826,0.0,1.0,0.893,0,5273
2026-10-06T15:40:36.%f+00:00,IG_0251866a73,cpu,3.9000000000000004,34,Do Nothing,Scale Out,0.0334,0.0,1.0,98.0,19.87,0.0308,0.0,1.0,14,14,820.0,98.0,20.42,0.0439,0.12,1.0,0.763,0,146
2026-10-06T15:40:49.%f+00:00,IG_0251866a73,cpu,3.9000000000000004,34,Scale Out,Scale Out,0.0334,0.0,1.0,98.0,19.87,0.0308,0.0,1.0,14,14,820.0,93.71,20.92,0.0656,0.0,1.0,0.884,0,11899
2026-10-06T15:40:55.%f+00:00,IG_0251866a73,cpu,3.9000000000000004,34,Restart Service,Scale Out,0.0334,0.0,1.0,98.0,19.87,0.0308,0.0,1.0,14,14,820.0,84.34,21.11,0.0404,0.0,1.0,0.904,0,5074
2026-10-06T15:41:02.%f+00:00,IG_0251866a73,cpu,3.9000000000000004,34,Rollback,Scale Out,0.0334,0.0,1.0,98.0,19.87,0.0308,0.0,1.0,14,14,820.0,84.9,19.76,0.0438,0.0,1.0,0.828,0,5902
2026-10-06T15:41:07.%f+00:00,IG_0251866a73,cpu,3.9000000000000004,34,Restart Dependency,Scale Out,0.0334,0.0,1.0,98.0,19.87,0.0308,0.0,1.0,14,14,820.0,89.57,21.06,0.0372,0.0,1.0,0.824,0,4184
2026-10-06T15:41:09.%f+00:00,IG_0109a5aa94,cpu,4.0,35,Do Nothing,Scale Out,0.0604,0.0,1.0,98.0,22.96,0.0754,0.0,1.0,9,9,840.7,98.0,24.59,0.118,0.0,1.0,0.859,0,168
2026-10-06T15:41:22.%f+00:00,IG_0109a5aa94,cpu,4.0,35,Scale Out,Scale Out,0.0604,0.0,1.0,98.0,22.96,0.0754,0.0,1.0,9,9,840.7,98.0,23.08,0.1574,0.12,1.0,0.842,0,12097
2026-10-06T15:41:28.%f+00:00,IG_0109a5aa94,cpu,4.0,35,Restart Service,Scale Out,0.0604,0.0,1.0,98.0,22.96,0.0754,0.0,1.0,9,9,840.7,21.28,13.99,0.0834,0.0,1.0,0.994,1,5298
2026-10-06T15:41:36.%f+00:00,IG_0109a5aa94,cpu,4.0,35,Rollback,Scale Out,0.0604,0.0,1.0,98.0,22.96,0.0754,0.0,1.0,9,9,840.7,86.3,22.78,0.1578,0.0,1.0,0.893,0,7271
2026-10-06T15:41:42.%f+00:00,IG_0109a5aa94,cpu,4.0,35,Restart Dependency,Scale Out,0.0604,0.0,1.0,98.0,22.96,0.0754,0.0,1.0,9,9,840.7,98.0,21.67,0.1507,0.12,1.0,0.753,0,4404
2026-10-06T15:41:44.%f+00:00,IG_0021ad3eb6,cpu,4.1,36,Do Nothing,Scale Out,0.0341,0.0,1.0,98.0,16.92,0.0323,0.0,1.0,12,12,848.2,94.49,18.43,0.0412,0.0,1.0,0.803,0,142
2026-10-06T15:41:55.%f+00:00,IG_0021ad3eb6,cpu,4.1,36,Scale Out,Scale Out,0.0341,0.0,1.0,98.0,16.92,0.0323,0.0,1.0,12,12,848.2,98.0,15.34,0.0593,0.0,1.0,0.887,0,9750
2026-10-06T15:42:01.%f+00:00,IG_0021ad3eb6,cpu,4.1,36,Restart Service,Scale Out,0.0341,0.0,1.0,98.0,16.92,0.0323,0.0,1.0,12,12,848.2,97.69,16.76,0.0705,0.0,1.0,0.882,0,5164
2026-10-06T15:42:08.%f+00:00,IG_0021ad3eb6,cpu,4.1,36,Rollback,Scale Out,0.0341,0.0,1.0,98.0,16.92,0.0323,0.0,1.0,12,12,848.2,98.0,17.67,0.0378,0.0,1.0,0.8,0,7041
2026-10-06T15:42:14.%f+00:00,IG_0021ad3eb6,cpu,4.1,36,Restart Dependency,Scale Out,0.0341,0.0,1.0,98.0,16.92,0.0323,0.0,1.0,12,12,848.2,87.25,17.82,0.0558,0.12,1.0,0.855,0,5238
2026-10-06T15:42:17.%f+00:00,IG_0015b11ed7,cpu,4.2,37,Do Nothing,Scale Out,0.0403,0.0,1.0,98.0,16.45,0.0519,0.0,1.0,13,13,852.6,98.0,16.01,0.0787,0.0,1.0,0.882,0,81
2026-10-06T15:42:28.%f+00:00,IG_0015b11ed7,cpu,4.2,37,Scale Out,Scale Out,0.0403,0.0,1.0,98.0,16.45,0.0519,0.0,1.0,13,13,852.6,21.94,12.0,0.0541,0.0,1.0,0.993,1,10257
2026-10-06T15:42:35.%f+00:00,IG_0015b11ed7,cpu,4.2,37,Restart Service,Scale Out,0.0403,0.0,1.0,98.0,16.45,0.0519,0.0,1.0,13,13,852.6,98.0,16.55,0.1005,0.12,1.0,0.895,0,5847
2026-10-06T15:42:42.%f+00:00,IG_0015b11ed7,cpu,4.2,37,Rollback,Scale Out,0.0403,0.0,1.0,98.0,16.45,0.0519,0.0,1.0,13,13,852.6,86.22,15.5,0.113,0.0,1.0,0.842,0,7043
2026-10-06T15:42:47.%f+00:00,IG_0015b11ed7,cpu,4.2,37,Restart Dependency,Scale Out,0.0403,0.0,1.0,98.0,16.45,0.0519,0.0,1.0,13,13,852.6,21.58,12.0,0.0423,0.0,1.0,0.99,1,4135
2026-10-06T15:42:50.%f+00:00,IG_00b258bef8,cpu,4.300000000000001,38,Do Nothing,Scale Out,0.0656,0.0,1.0,98.0,19.72,0.0674,0.0,1.0,9,9,886.8,98.0,19.99,0.1349,0.12,1.0,0.762,0,167
2026-10-06T15:43:00.%f+00:00,IG_00b258bef8,cpu,4.300000000000001,38,Scale Out,Scale Out,0.0656,0.0,1.0,98.0,19.72,0.0674,0.0,1.0,9,9,886.8,98.0,20.66,0.1242,0.0,1.0,0.803,0,9497
2026-10-06T15:43:07.%f+00:00,IG_00b258bef8,cpu,4.300000000000001,38,Restart Service,Scale Out,0.0656,0.0,1.0,98.0,19.72,0.0674,0.0,1.0,9,9,886.8,88.82,20.77,0.117,0.12,1.0,0.826,0,6105
2026-10-06T15:43:14.%f+00:00,IG_00b258bef8,cpu,4.300000000000001,38,Rollback,Scale Out,0.0656,0.0,1.0,98.0,19.72,0.0674,0.0,1.0,9,9,886.8,98.0,19.79,0.115,0.0,1.0,0.849,0,6262
2026-10-06T15:43:19.%f+00:00,IG_00b258bef8,cpu,4.300000000000001,38,Restart Dependency,Scale Out,0.0656,0.0,1.0,98.0,19.72,0.0674,0.0,1.0,9,9,886.8,98.0,21.66,0.0963,0.0,1.0,0.918,0,4194
2026-10-06T15:43:22.%f+00:00,IG_01de14f318,cpu,4.4,39,Do Nothing,Scale Out,0.037,0.0,1.0,98.0,20.43,0.0432,0.0,1.0,13,13,906.3,98.0,18.9,0.0537,0.12,1.0,0.885,0,153
2026-10-06T15:43:33.%f+00:00,IG_01de14f318,cpu,4.4,39,Scale Out,Scale Out,0.037,0.0,1.0,98.0,20.43,0.0432,0.0,1.0,13,13,906.3,94.24,21.07,0.0912,0.0,1.0,0.754,0,10735
2026-10-06T15:43:40.%f+00:00,IG_01de14f318,cpu,4.4,39,Restart Service,Scale Out,0.037,0.0,1.0,98.0,20.43,0.0432,0.0,1.0,13,13,906.3,96.68,22.34,0.0673,0.0,1.0,0.845,0,5891
2026-10-06T15:43:48.%f+00:00,IG_01de14f318,cpu,4.4,39,Rollback,Scale Out,0.037,0.0,1.0,98.0,20.43,0.0432,0.0,1.0,13,13,906.3,98.0,18.76,0.0649,0.0,1.0,0.765,0,6913
2026-10-06T15:43:53.%f+00:00,IG_01de14f318,cpu,4.4,39,Restart Dependency,Scale Out,0.037,0.0,1.0,98.0,20.43,0.0432,0.0,1.0,13,13,906.3,96.18,18.71,0.0686,0.0,1.0,0.918,0,4313
2026-10-06T15:43:55.%f+00:00,IG_01c0fc1739,memory,0.5,0,Do Nothing,Scale Out,0.0367,0.0,1.0,20.75,109.36,0.0474,0.0,1.0,14,14,150.0,22.34,99.66,0.0593,0.0,1.0,0.838,0,104
2026-10-06T15:44:07.%f+00:00,IG_01c0fc1739,memory,0.5,0,Scale Out,Scale Out,0.0367,0.0,1.0,20.75,109.36,0.0474,0.0,1.0,14,14,150.0,5.0,52.5,0.0405,0.0,1.0,0.991,1,11172
2026-10-06T15:44:13.%f+00:00,IG_01c0fc1739,memory,0.5,0,Restart Service,Scale Out,0.0367,0.0,1.0,20.75,109.36,0.0474,0.0,1.0,14,14,150.0,5.28,47.7,0.0411,0.0,1.0,0.992,1,5011
2026-10-06T15:44:18.%f+00:00,IG_01c0fc1739,memory,0.5,0,Rollback,Scale Out,0.0367,0.0,1.0,20.75,109.36,0.0474,0.0,1.0,14,14,150.0,19.93,113.7,0.0928,0.0,1.0,0.804,0,4557
2026-10-06T15:44:24.%f+00:00,IG_01c0fc1739,memory,0.5,0,Restart Dependency,Scale Out,0.0367,0.0,1.0,20.75,109.36,0.0474,0.0,1.0,14,14,150.0,20.08,118.93,0.0633,0.12,1.0,0.867,0,5318
2026-10-06T15:44:27.%f+00:00,IG_01423e9f59,memory,0.6,1,Do Nothing,Scale Out,0.0657,0.0,1.0,14.65,130.98,0.0808,0.0,1.0,13,13,158.0,16.21,133.83,0.171,0.12,1.0,0.906,0,177
2026-10-06T15:44:37.%f+00:00,IG_01423e9f59,memory,0.6,1,Scale Out,Scale Out,0.0657,0.0,1.0,14.65,130.98,0.0808,0.0,1.0,13,13,158.0,5.0,68.11,0.0705,0.0,1.0,0.993,1,9726
2026-10-06T15:44:43.%f+00:00,IG_01423e9f59,memory,0.6,1,Restart Service,Scale Out,0.0657,0.0,1.0,14.65,130.98,0.0808,0.0,1.0,13,13,158.0,5.0,72.24,0.0706,0.0,1.0,0.981,1,5343
2026-10-06T15:44:52.%f+00:00,IG_01423e9f59,memory,0.6,1,Rollback,Scale Out,0.0657,0.0,1.0,14.65,130.98,0.0808,0.0,1.0,13,13,158.0,5.0,72.57,0.0883,0.0,1.0,0.997,1,7585
2026-10-06T15:44:57.%f+00:00,IG_01423e9f59,memory,0.6,1,Restart Dependency,Scale Out,0.0657,0.0,1.0,14.65,130.98,0.0808,0.0,1.0,13,13,158.0,5.0,78.3,0.0748,0.0,1.0,0.991,1,4481
2026-10-06T15:45:00.%f+00:00,IG_0059f6877a,memory,0.7,2,Do Nothing,Scale Out,0.0388,0.0,1.0,20.0,151.51,0.0474,0.0,1.0,11,11,166.0,17.77,151.29,0.0534,0.0,1.0,0.793,0,95
2026-10-06T15:45:09.%f+00:00,IG_0059f6877a,memory,0.7,2,Scale Out,Scale Out,0.0388,0.0,1.0,20.0,151.51,0.0474,0.0,1.0,11,11,166.0,5.0,105.49,0.0402,0.0,1.0,0.999,1,8603
2026-10-06T15:45:14.%f+00:00,IG_0059f6877a,memory,0.7,2,Restart Service,Scale Out,0.0388,0.0,1.0,20.0,151.51,0.0474,0.0,1.0,11,11,166.0,6.97,89.58,0.0453,0.0,1.0,0.987,1,4096
2026-10-06T15:45:22.%f+00:00,IG_0059f6877a,memory,0.7,2,Rollback,Scale Out,0.0388,0.0,1.0,20.0,151.51,0.0474,0.0,1.0,11,11,166.0,18.56,164.01,0.0854,0.0,1.0,0.77,0,7790
2026-10-06T15:45:27.%f+00:00,IG_0059f6877a,memory,0.7,2,Restart Dependency,Scale Out,0.0388,0.0,1.0,20.0,151.51,0.0474,0.0,1.0,11,11,166.0,5.0,63.8,0.0413,0.0,1.0,0.991,1,3624
2026-10-06T15:45:29.%f+00:00,IG_010b5b9398,memory,0.8,3,Do Nothing,Scale Out,0.0418,0.0,1.0,27.01,162.29,0.0542,0.0,1.0,8,8,174.0,25.32,174.85,0.0897,0.0,1.0,0.893,0,137
2026-10-06T15:45:41.%f+00:00,IG_010b5b9398,memory,0.8,3,Scale Out,Scale Out,0.0418,0.0,1.0,27.01,162.29,0.0542,0.0,1.0,8,8,174.0,24.91,149.3,0.0658,0.12,1.0,0.793,0,11249
2026-10-06T15:45:47.%f+00:00,IG_010b5b9398,memory,0.8,3,Restart Service,Scale Out,0.0418,0.0,1.0,27.01,162.29,0.0542,0.0,1.0,8,8,174.0,5.67,99.11,0.0546,0.0,1.0,0.997,1,4767
2026-10-06T15:45:55.%f+00:00,IG_010b5b9398,memory,0.8,3,Rollback,Scale Out,0.0418,0.0,1.0,27.01,162.29,0.0542,0.0,1.0,8,8,174.0,8.19,100.68,0.0451,0.0,1.0,0.986,1,7177
2026-10-06T15:46:00.%f+00:00,IG_010b5b9398,memory,0.8,3,Restart Dependency,Scale Out,0.0418,0.0,1.0,27.01,162.29,0.0542,0.0,1.0,8,8,174.0,7.96,105.91,0.054,0.0,1.0,0.983,1,4677
2026-10-06T15:46:03.%f+00:00,IG_0021e3cfb9,memory,0.9,4,Do Nothing,Scale Out,0.0683,0.0,1.0,19.56,193.71,0.0733,0.0,1.0,14,14,182.0,18.7,184.18,0.1037,0.0,1.0,0.838,0,82
2026-10-06T15:46:14.%f+00:00,IG_0021e3cfb9,memory,0.9,4,Scale Out,Scale Out,0.0683,0.0,1.0,19.56,193.71,0.0733,0.0,1.0,14,14,182.0,5.89,90.15,0.0728,0.0,1.0,0.989,1,10424
2026-10-06T15:46:21.%f+00:00,IG_0021e3cfb9,memory,0.9,4,Restart Service,Scale Out,0.0683,0.0,1.0,19.56,193.71,0.0733,0.0,1.0,14,14,182.0,6.35,134.41,0.0734,0.0,1.0,0.995,1,6374
2026-10-06T15:46:28.%f+00:00,IG_0021e3cfb9,memory,0.9,4,Rollback,Scale Out,0.0683,0.0,1.0,19.56,193.71,0.0733,0.0,1.0,14,14,182.0,5.0,132.24,0.0727,0.0,1.0,0.998,1,5813
2026-10-06T15:46:33.%f+00:00,IG_0021e3cfb9,memory,0.9,4,Restart Dependency,Scale Out,0.0683,0.0,1.0,19.56,193.71,0.0733,0.0,1.0,14,14,182.0,22.14,205.37,0.1017,0.0,1.0,0.809,0,4056
2026-10-06T15:46:35.%f+00:00,IG_01e03553da,memory,1.0,5,Do Nothing,Scale Out,0.066,0.0,1.0,23.77,214.63,0.0611,0.0,1.0,13,13,190.0,25.92,203.5,0.1083,0.12,1.0,0.918,0,170
2026-10-06T15:46:49.%f+00:00,IG_01e03553da,memory,1.0,5,Scale Out,Scale Out,0.066,0.0,1.0,23.77,214.63,0.0611,0.0,1.0,13,13,190.0,7.71,126.78,0.0892,0.0,1.0,0.99,1,12940
2026-10-06T15:46:54.%f+00:00,IG_01e03553da,memory,1.0,5,Restart Service,Scale Out,0.066,0.0,1.0,23.77,214.63,0.0611,0.0,1.0,13,13,190.0,5.0,134.35,0.0762,0.0,1.0,0.989,1,4121
2026-10-06T15:47:02.%f+00:00,IG_01e03553da,memory,1.0,5,Rollback,Scale Out,0.066,0.0,1.0,23.77,214.63,0.0611,0.0,1.0,13,13,190.0,5.0,136.19,0.0806,0.0,1.0,0.983,1,7782
2026-10-06T15:47:08.%f+00:00,IG_01e03553da,memory,1.0,5,Restart Dependency,Scale Out,0.066,0.0,1.0,23.77,214.63,0.0611,0.0,1.0,13,13,190.0,23.78,230.39,0.0749,0.12,1.0,0.917,0,4570
2026-10-06T15:47:10.%f+00:00,IG_001b19f7fd,memory,1.1,6,Do Nothing,Scale Out,0.0509,0.0,1.0,25.33,226.27,0.0573,0.0,1.0,11,11,198.0,27.33,216.81,0.0861,0.0,1.0,0.905,0,96
2026-10-06T15:47:21.%f+00:00,IG_001b19f7fd,memory,1.1,6,Scale Out,Scale Out,0.0509,0.0,1.0,25.33,226.27,0.0573,0.0,1.0,11,11,198.0,5.0,130.59,0.0558,0.0,1.0,0.986,1,9752
2026-10-06T15:47:28.%f+00:00,IG_001b19f7fd,memory,1.1,6,Restart Service,Scale Out,0.0509,0.0,1.0,25.33,226.27,0.0573,0.0,1.0,11,11,198.0,5.0,107.39,0.057,0.0,1.0,0.985,1,5929
2026-10-06T15:47:34.%f+00:00,IG_001b19f7fd,memory,1.1,6,Rollback,Scale Out,0.0509,0.0,1.0,25.33,226.27,0.0573,0.0,1.0,11,11,198.0,28.54,214.44,0.0794,0.0,1.0,0.834,0,5994
2026-10-06T15:47:39.%f+00:00,IG_001b19f7fd,memory,1.1,6,Restart Dependency,Scale Out,0.0509,0.0,1.0,25.33,226.27,0.0573,0.0,1.0,11,11,198.0,24.15,218.18,0.1163,0.0,1.0,0.856,0,4303
2026-10-06T15:47:42.%f+00:00,IG_00c8d5201c,memory,1.2000000000000002,7,Do Nothing,Scale Out,0.0787,0.0,1.0,24.36,237.16,0.0961,0.0,1.0,13,13,206.0,21.72,247.06,0.1202,0.0,1.0,0.868,0,97
2026-10-06T15:47:53.%f+00:00,IG_00c8d5201c,memory,1.2000000000000002,7,Scale Out,Scale Out,0.0787,0.0,1.0,24.36,237.16,0.0961,0.0,1.0,13,13,206.0,6.51,104.8,0.0918,0.0,1.0,0.983,1,10816
2026-10-06T15:48:01.%f+00:00,IG_00c8d5201c,memory,1.2000000000000002,7,Restart Service,Scale Out,0.0787,0.0,1.0,24.36,237.16,0.0961,0.0,1.0,13,13,206.0,5.0,145.62,0.1017,0.0,1.0,0.993,1,6455
2026-10-06T15:48:08.%f+00:00,IG_00c8d5201c,memory,1.2000000000000002,7,Rollback,Scale Out,0.0787,0.0,1.0,24.36,237.16,0.0961,0.0,1.0,13,13,206.0,27.06,252.82,0.1184,0.12,1.0,0.828,0,6775
2026-10-06T15:48:14.%f+00:00,IG_00c8d5201c,memory,1.2000000000000002,7,Restart Dependency,Scale Out,0.0787,0.0,1.0,24.36,237.16,0.0961,0.0,1.0,13,13,206.0,20.79,235.23,0.1258,0.0,1.0,0.841,0,4379
2026-10-06T15:48:16.%f+00:00,IG_008345ac3e,memory,1.3,8,Do Nothing,Scale Out,0.0788,0.0,1.0,26.65,257.46,0.1003,0.0,1.0,13,13,214.0,23.15,256.71,0.2117,0.0,1.0,0.794,0,170
2026-10-06T15:48:29.%f+00:00,IG_008345ac3e,memory,1.3,8,Scale Out,Scale Out,0.0788,0.0,1.0,26.65,257.46,0.1003,0.0,1.0,13,13,214.0,25.41,268.11,0.1606,0.0,1.0,0.89,0,11882
2026-10-06T15:47:46.%f+00:00,IG_008345ac3e,memory,1.3,8,Restart Service,Scale Out,0.0788,0.0,1.0,26.65,257.46,0.1003,0.0,1.0,13,13,214.0,5.0,118.29,0.1052,0.0,1.0,0.997,1,5249
2026-10-06T15:47:55.%f+00:00,IG_008345ac3e,memory,1.3,8,Rollback,Scale Out,0.0788,0.0,1.0,26.65,257.46,0.1003,0.0,1.0,13,13,214.0,5.52,130.34,0.093,0.0,1.0,0.987,1,7963
2026-10-06T15:48:01.%f+00:00,IG_008345ac3e,memory,1.3,8,Restart Dependency,Scale Out,0.0788,0.0,1.0,26.65,257.46,0.1003,0.0,1.0,13,13,214.0,24.94,277.39,0.1181,0.0,1.0,0.856,0,4651
2026-10-06T15:48:03.%f+00:00,IG_00430d2031,memory,1.4,9,Do Nothing,Scale Out,0.0491,0.0,1.0,34.69,279.57,0.055,0.0,1.0,9,9,222.0,39.85,305.92,0.0794,0.12,1.0,0.766,0,93
2026-10-06T15:48:14.%f+00:00,IG_00430d2031,memory,1.4,9,Scale Out,Scale Out,0.0491,0.0,1.0,34.69,279.57,0.055,0.0,1.0,9,9,222.0,38.66,298.05,0.0864,0.12,1.0,0.845,0,10290
2026-10-06T15:48:19.%f+00:00,IG_00430d2031,memory,1.4,9,Restart Service,Scale Out,0.0491,0.0,1.0,34.69,279.57,0.055,0.0,1.0,9,9,222.0,35.46,271.92,0.091,0.12,1.0,0.77,0,3917
2026-10-06T15:48:28.%f+00:00,IG_00430d2031,memory,1.4,9,Rollback,Scale Out,0.0491,0.0,1.0,34.69,279.57,0.055,0.0,1.0,9,9,222.0,7.37,192.59,0.0677,0.0,1.0,0.994,1,7849
2026-10-06T15:48:33.%f+00:00,IG_00430d2031,memory,1.4,9,Restart Dependency,Scale Out,0.0491,0.0,1.0,34.69,279.57,0.055,0.0,1.0,9,9,222.0,30.21,256.44,0.0678,0.0,1.0,0.873,0,4880
2026-10-06T15:48:36.%f+00:00,IG_008eedec52,memory,1.5,10,Do Nothing,Scale Out,0.0649,0.0,1.0,33.9,285.84,0.072,0.0,1.0,15,15,230.0,29.79,303.09,0.1159,0.0,1.0,0.802,0,101
2026-10-06T15:48:48.%f+00:00,IG_008eedec52,memory,1.5,10,Scale Out,Scale Out,0.0649,0.0,1.0,33.9,285.84,0.072,0.0,1.0,15,15,230.0,5.97,155.93,0.0731,0.0,1.0,0.983,1,11576
2026-10-06T15:48:53.%f+00:00,IG_008eedec52,memory,1.5,10,Restart Service,Scale Out,0.0649,0.0,1.0,33.9,285.84,0.072,0.0,1.0,15,15,230.0,38.06,284.73,0.1544,0.0,1.0,0.818,0,4552
2026-10-06T15:48:59.%f+00:00,IG_008eedec52,memory,1.5,10,Rollback,Scale Out,0.0649,0.0,1.0,33.9,285.84,0.072,0.0,1.0,15,15,230.0,34.64,299.47,0.1383,0.0,1.0,0.879,0,4869
2026-10-06T15:49:03.%f+00:00,IG_008eedec52,memory,1.5,10,Restart Dependency,Scale Out,0.0649,0.0,1.0,33.9,285.84,0.072,0.0,1.0,15,15,230.0,34.69,283.92,0.0793,0.0,1.0,0.918,0,3185
2026-10-06T15:49:05.%f+00:00,IG_003f53ec70,memory,1.6,11,Do Nothing,Scale Out,0.0541,0.0,1.0,30.33,317.34,0.0579,0.0,1.0,9,9,238.0,34.11,288.16,0.0723,0.0,1.0,0.846,0,112
2026-10-06T15:49:17.%f+00:00,IG_003f53ec70,memory,1.6,11,Scale Out,Scale Out,0.0541,0.0,1.0,30.33,317.34,0.0579,0.0,1.0,9,9,238.0,25.82,302.26,0.0691,0.0,1.0,0.874,0,10634
2026-10-06T15:49:21.%f+00:00,IG_003f53ec70,memory,1.6,11,Restart Service,Scale Out,0.0541,0.0,1.0,30.33,317.34,0.0579,0.0,1.0,9,9,238.0,31.71,291.23,0.1019,0.0,1.0,0.889,0,3673
2026-10-06T15:49:27.%f+00:00,IG_003f53ec70,memory,1.6,11,Rollback,Scale Out,0.0541,0.0,1.0,30.33,317.34,0.0579,0.0,1.0,9,9,238.0,5.29,212.73,0.0554,0.0,1.0,0.984,1,4777
2026-10-06T15:49:33.%f+00:00,IG_003f53ec70,memory,1.6,11,Restart Dependency,Scale Out,0.0541,0.0,1.0,30.33,317.34,0.0579,0.0,1.0,9,9,238.0,33.22,325.27,0.1046,0.12,1.0,0.905,0,4805
2026-10-06T15:49:35.%f+00:00,IG_002f98d08d,memory,1.7000000000000002,12,Do Nothing,Scale Out,0.0512,0.0,1.0,35.76,323.71,0.0619,0.0,1.0,8,8,246.0,31.53,330.45,0.1225,0.0,1.0,0.813,0,180
2026-10-06T15:49:46.%f+00:00,IG_002f98d08d,memory,1.7000000000000002,12,Scale Out,Scale Out,0.0512,0.0,1.0,35.76,323.71,0.0619,0.0,1.0,8,8,246.0,10.41,133.25,0.0522,0.0,1.0,0.993,1,9863
2026-10-06T15:49:53.%f+00:00,IG_002f98d08d,memory,1.7000000000000002,12,Restart Service,Scale Out,0.0512,0.0,1.0,35.76,323.71,0.0619,0.0,1.0,8,8,246.0,30.91,314.14,0.0703,0.0,1.0,0.754,0,6406
2026-10-06T15:49:59.%f+00:00,IG_002f98d08d,memory,1.7000000000000002,12,Rollback,Scale Out,0.0512,0.0,1.0,35.76,323.71,0.0619,0.0,1.0,8,8,246.0,38.11,301.78,0.0771,0.0,1.0,0.826,0,5251
2026-10-06T15:50:03.%f+00:00,IG_002f98d08d,memory,1.7000000000000002,12,Restart Dependency,Scale Out,0.0512,0.0,1.0,35.76,323.71,0.0619,0.0,1.0,8,8,246.0,30.65,354.97,0.083,0.12,1.0,0.767,0,3031
2026-10-06T15:50:05.%f+00:00,IG_01c7d594ac,memory,1.8,13,Do Nothing,Scale Out,0.0672,0.0,1.0,35.75,353.25,0.0802,0.0,1.0,12,12,254.0,36.39,341.18,0.0948,0.12,1.0,0.849,0,109
2026-10-06T15:50:18.%f+00:00,IG_01c7d594ac,memory,1.8,13,Scale Out,Scale Out,0.0672,0.0,1.0,35.75,353.25,0.0802,0.0,1.0,12,12,254.0,10.5,143.07,0.0895,0.0,1.0,0.996,1,12364
2026-10-06T15:50:24.%f+00:00,IG_01c7d594ac,memory,1.8,13,Restart Service,Scale Out,0.0672,0.0,1.0,35.75,353.25,0.0802,0.0,1.0,12,12,254.0,7.69,171.63,0.0767,0.0,1.0,0.989,1,5163
2026-10-06T15:50:33.%f+00:00,IG_01c7d594ac,memory,1.8,13,Rollback,Scale Out,0.0672,0.0,1.0,35.75,353.25,0.0802,0.0,1.0,12,12,254.0,38.98,349.52,0.1229,0.0,1.0,0.77,0,7346
2026-10-06T15:50:36.%f+00:00,IG_01c7d594ac,memory,1.8,13,Restart Dependency,Scale Out,0.0672,0.0,1.0,35.75,353.25,0.0802,0.0,1.0,12,12,254.0,39.73,336.53,0.1554,0.0,1.0,0.898,0,2782
2026-10-06T15:50:39.%f+00:00,IG_0138edb8cd,memory,1.9000000000000001,14,Do Nothing,Scale Out,0.0713,0.0,1.0,37.02,366.41,0.0808,0.0,1.0,13,13,262.0,35.91,355.17,0.1728,0.12,1.0,0.84,0,85
2026-10-06T15:50:49.%f+00:00,IG_0138edb8cd,memory,1.9000000000000001,14,Scale Out,Scale Out,0.0713,0.0,1.0,37.02,366.41,0.0808,0.0,1.0,13,13,262.0,36.34,396.31,0.0962,0.0,1.0,0.877,0,10066
2026-10-06T15:50:55.%f+00:00,IG_0138edb8cd,memory,1.9000000000000001,14,Restart Service,Scale Out,0.0713,0.0,1.0,37.02,366.41,0.0808,0.0,1.0,13,13,262.0,35.13,367.93,0.0907,0.12,1.0,0.827,0,5073
2026-10-06T15:51:03.%f+00:00,IG_0138edb8cd,memory,1.9000000000000001,14,Rollback,Scale Out,0.0713,0.0,1.0,37.02,366.41,0.0808,0.0,1.0,13,13,262.0,42.16,384.83,0.1012,0.0,1.0,0.772,0,7123
2026-10-06T15:51:07.%f+00:00,IG_0138edb8cd,memory,1.9000000000000001,14,Restart Dependency,Scale Out,0.0713,0.0,1.0,37.02,366.41,0.0808,0.0,1.0,13,13,262.0,37.58,398.03,0.1483,0.0,1.0,0.81,0,3375
2026-10-06T15:51:10.%f+00:00,IG_00853c68ec,memory,2.0,15,Do Nothing,Scale Out,0.0357,0.0,1.0,38.86,393.22,0.0366,0.0,1.0,9,9,270.0,36.71,371.26,0.068,0.12,1.0,0.835,0,170
2026-10-06T15:51:21.%f+00:00,IG_00853c68ec,memory,2.0,15,Scale Out,Scale Out,0.0357,0.0,1.0,38.86,393.22,0.0366,0.0,1.0,9,9,270.0,43.97,420.77,0.0786,0.0,1.0,0.863,0,10631
2026-10-06T15:51:28.%f+00:00,IG_00853c68ec,memory,2.0,15,Restart Service,Scale Out,0.0357,0.0,1.0,38.86,393.22,0.0366,0.0,1.0,9,9,270.0,33.58,412.52,0.0795,0.12,1.0,0.767,0,5673
2026-10-06T15:51:35.%f+00:00,IG_00853c68ec,memory,2.0,15,Rollback,Scale Out,0.0357,0.0,1.0,38.86,393.22,0.0366,0.0,1.0,9,9,270.0,9.58,159.9,0.0379,0.0,1.0,0.989,1,6408
2026-10-06T15:51:41.%f+00:00,IG_00853c68ec,memory,2.0,15,Restart Dependency,Scale Out,0.0357,0.0,1.0,38.86,393.22,0.0366,0.0,1.0,9,9,270.0,44.13,365.7,0.0419,0.0,1.0,0.895,0,5347
2026-10-06T15:51:44.%f+00:00,IG_00eadb390e,memory,2.1,16,Do Nothing,Scale Out,0.067,0.0,1.0,41.49,390.19,0.0603,0.0,1.0,9,9,278.0,42.7,360.99,0.0887,0.0,1.0,0.786,0,104
2026-10-06T15:51:57.%f+00:00,IG_00eadb390e,memory,2.1,16,Scale Out,Scale Out,0.067,0.0,1.0,41.49,390.19,0.0603,0.0,1.0,9,9,278.0,7.95,171.93,0.0879,0.0,1.0,0.989,1,12292
2026-10-06T15:52:02.%f+00:00,IG_00eadb390e,memory,2.1,16,Restart Service,Scale Out,0.067,0.0,1.0,41.49,390.19,0.0603,0.0,1.0,9,9,278.0,12.37,170.03,0.0768,0.0,1.0,0.995,1,4303
2026-10-06T15:52:10.%f+00:00,IG_00eadb390e,memory,2.1,16,Rollback,Scale Out,0.067,0.0,1.0,41.49,390.19,0.0603,0.0,1.0,9,9,278.0,47.55,403.11,0.0825,0.0,1.0,0.915,0,7577
2026-10-06T15:52:14.%f+00:00,IG_00eadb390e,memory,2.1,16,Restart Dependency,Scale Out,0.067,0.0,1.0,41.49,390.19,0.0603,0.0,1.0,9,9,278.0,42.34,421.46,0.0897,0.0,1.0,0.77,0,2895
2026-10-06T15:52:16.%f+00:00,IG_022842812f,memory,2.2,17,Do Nothing,Scale Out,0.0762,0.0,1.0,42.04,421.66,0.0868,0.0,1.0,10,10,286.0,10.28,177.33,0.0808,0.0,1.0,0.994,1,112
2026-10-06T15:52:30.%f+00:00,IG_022842812f,memory,2.2,17,Scale Out,Scale Out,0.0762,0.0,1.0,42.04,421.66,0.0868,0.0,1.0,10,10,286.0,40.51,460.4,0.1049,0.12,1.0,0.769,0,12714
2026-10-06T15:52:36.%f+00:00,IG_022842812f,memory,2.2,17,Restart Service,Scale Out,0.0762,0.0,1.0,42.04,421.66,0.0868,0.0,1.0,10,10,286.0,10.22,214.73,0.0959,0.0,1.0,0.981,1,5768
2026-10-06T15:52:44.%f+00:00,IG_022842812f,memory,2.2,17,Rollback,Scale Out,0.0762,0.0,1.0,42.04,421.66,0.0868,0.0,1.0,10,10,286.0,45.86,462.23,0.1456,0.12,1.0,0.819,0,7049
2026-10-06T15:52:50.%f+00:00,IG_022842812f,memory,2.2,17,Restart Dependency,Scale Out,0.0762,0.0,1.0,42.04,421.66,0.0868,0.0,1.0,10,10,286.0,38.76,404.3,0.1634,0.0,1.0,0.919,0,4735
2026-10-06T15:52:52.%f+00:00,IG_00c5ecc153,memory,2.3,18,Do Nothing,Scale Out,0.0747,0.0,1.0,47.9,443.09,0.0875,0.0,1.0,11,11,294.0,50.41,446.2,0.1152,0.0,1.0,0.761,0,111
2026-10-06T15:53:02.%f+00:00,IG_00c5ecc153,memory,2.3,18,Scale Out,Scale Out,0.0747,0.0,1.0,47.9,443.09,0.0875,0.0,1.0,11,11,294.0,53.13,406.64,0.1825,0.0,1.0,0.791,0,9231
2026-10-06T15:53:07.%f+00:00,IG_00c5ecc153,memory,2.3,18,Restart Service,Scale Out,0.0747,0.0,1.0,47.9,443.09,0.0875,0.0,1.0,11,11,294.0,49.79,431.76,0.1237,0.0,1.0,0.857,0,3933
2026-10-06T15:53:14.%f+00:00,IG_00c5ecc153,memory,2.3,18,Rollback,Scale Out,0.0747,0.0,1.0,47.9,443.09,0.0875,0.0,1.0,11,11,294.0,47.55,472.74,0.1819,0.12,1.0,0.825,0,6271
2026-10-06T15:53:18.%f+00:00,IG_00c5ecc153,memory,2.3,18,Restart Dependency,Scale Out,0.0747,0.0,1.0,47.9,443.09,0.0875,0.0,1.0,11,11,294.0,47.96,402.39,0.116,0.0,1.0,0.763,0,3597
2026-10-06T15:53:21.%f+00:00,IG_00a6ac2d6f,memory,2.4000000000000004,19,Do Nothing,Scale Out,0.0609,0.0,1.0,43.28,446.09,0.0766,0.0,1.0,15,15,302.0,38.43,464.91,0.1153,0.12,1.0,0.79,0,148
2026-10-06T15:53:34.%f+00:00,IG_00a6ac2d6f,memory,2.4000000000000004,19,Scale Out,Scale Out,0.0609,0.0,1.0,43.28,446.09,0.0766,0.0,1.0,15,15,302.0,48.78,409.23,0.1633,0.12,1.0,0.884,0,12299
2026-10-06T15:53:40.%f+00:00,IG_00a6ac2d6f,memory,2.4000000000000004,19,Restart Service,Scale Out,0.0609,0.0,1.0,43.28,446.09,0.0766,0.0,1.0,15,15,302.0,43.64,482.95,0.1368,0.0,1.0,0.823,0,5267
2026-10-06T15:53:46.%f+00:00,IG_00a6ac2d6f,memory,2.4000000000000004,19,Rollback,Scale Out,0.0609,0.0,1.0,43.28,446.09,0.0766,0.0,1.0,15,15,302.0,47.58,445.81,0.094,0.0,1.0,0.76,0,4855
2026-10-06T15:53:50.%f+00:00,IG_00a6ac2d6f,memory,2.4000000000000004,19,Restart Dependency,Scale Out,0.0609,0.0,1.0,43.28,446.09,0.0766,0.0,1.0,15,15,302.0,47.51,458.78,0.132,0.0,1.0,0.853,0,3337
2026-10-06T15:53:52.%f+00:00,IG_0245f8518f,memory,2.5,20,Do Nothing,Scale Out,0.0705,0.0,1.0,50.48,478.11,0.0836,0.0,1.0,9,9,310.0,46.92,463.09,0.1816,0.0,1.0,0.893,0,93
2026-10-06T15:54:03.%f+00:00,IG_0245f8518f,memory,2.5,20,Scale Out,Scale Out,0.0705,0.0,1.0,50.48,478.11,0.0836,0.0,1.0,9,9,310.0,10.97,223.46,0.0824,0.0,1.0,0.989,1,9977
2026-10-06T15:54:10.%f+00:00,IG_0245f8518f,memory,2.5,20,Restart Service,Scale Out,0.0705,0.0,1.0,50.48,478.11,0.0836,0.0,1.0,9,9,310.0,14.91,222.38,0.0946,0.0,1.0,0.997,1,5784
2026-10-06T15:54:17.%f+00:00,IG_0245f8518f,memory,2.5,20,Rollback,Scale Out,0.0705,0.0,1.0,50.48,478.11,0.0836,0.0,1.0,9,9,310.0,55.89,497.31,0.159,0.0,1.0,0.756,0,6909
2026-10-06T15:54:22.%f+00:00,IG_0245f8518f,memory,2.5,20,Restart Dependency,Scale Out,0.0705,0.0,1.0,50.48,478.11,0.0836,0.0,1.0,9,9,310.0,48.63,437.7,0.1175,0.0,1.0,0.817,0,3708
2026-10-06T15:54:24.%f+00:00,IG_00585689af,memory,2.6,21,Do Nothing,Scale Out,0.0553,0.0,1.0,51.52,491.58,0.0527,0.0,1.0,12,12,318.0,49.54,478.96,0.093,0.0,1.0,0.874,0,103
2026-10-06T15:54:37.%f+00:00,IG_00585689af,memory,2.6,21,Scale Out,Scale Out,0.0553,0.0,1.0,51.52,491.58,0.0527,0.0,1.0,12,12,318.0,56.28,489.48,0.107,0.0,1.0,0.858,0,12310
2026-10-06T15:54:44.%f+00:00,IG_00585689af,memory,2.6,21,Restart Service,Scale Out,0.0553,0.0,1.0,51.52,491.58,0.0527,0.0,1.0,12,12,318.0,50.0,453.64,0.1141,0.0,1.0,0.872,0,5952
2026-10-06T15:54:50.%f+00:00,IG_00585689af,memory,2.6,21,Rollback,Scale Out,0.0553,0.0,1.0,51.52,491.58,0.0527,0.0,1.0,12,12,318.0,54.76,509.31,0.1077,0.12,1.0,0.809,0,4602
2026-10-06T15:54:56.%f+00:00,IG_00585689af,memory,2.6,21,Restart Dependency,Scale Out,0.0553,0.0,1.0,51.52,491.58,0.0527,0.0,1.0,12,12,318.0,47.02,482.96,0.0869,0.0,1.0,0.875,0,5199
2026-10-06T15:54:58.%f+00:00,IG_00e12651d0,memory,2.7,22,Do Nothing,Scale Out,0.0731,0.0,1.0,49.85,514.46,0.0841,0.0,1.0,9,9,326.0,42.59,539.88,0.0943,0.0,1.0,0.916,0,89
2026-10-06T15:55:09.%f+00:00,IG_00e12651d0,memory,2.7,22,Scale Out,Scale Out,0.0731,0.0,1.0,49.85,514.46,0.0841,0.0,1.0,9,9,326.0,16.09,312.79,0.0976,0.0,1.0,0.993,1,9694
2026-10-06T15:55:13.%f+00:00,IG_00e12651d0,memory,2.7,22,Restart Service,Scale Out,0.0731,0.0,1.0,49.85,514.46,0.0841,0.0,1.0,9,9,326.0,44.88,524.46,0.1136,0.0,1.0,0.888,0,3594
2026-10-06T15:55:20.%f+00:00,IG_00e12651d0,memory,2.7,22,Rollback,Scale Out,0.0731,0.0,1.0,49.85,514.46,0.0841,0.0,1.0,9,9,326.0,42.4,484.45,0.1209,0.0,1.0,0.819,0,6329
2026-10-06T15:55:26.%f+00:00,IG_00e12651d0,memory,2.7,22,Restart Dependency,Scale Out,0.0731,0.0,1.0,49.85,514.46,0.0841,0.0,1.0,9,9,326.0,47.93,483.38,0.1382,0.0,1.0,0.856,0,4854
2026-10-06T15:55:28.%f+00:00,IG_012a1d7def,memory,2.8000000000000003,23,Do Nothing,Scale Out,0.0346,0.0,1.0,49.64,521.34,0.0337,0.0,1.0,12,12,334.0,43.36,555.26,0.0628,0.0,1.0,0.845,0,136
2026-10-06T15:55:40.%f+00:00,IG_012a1d7def,memory,2.8000000000000003,23,Scale Out,Scale Out,0.0346,0.0,1.0,49.64,521.34,0.0337,0.0,1.0,12,12,334.0,52.18,543.54,0.0695,0.12,1.0,0.897,0,10974
2026-10-06T15:55:45.%f+00:00,IG_012a1d7def,memory,2.8000000000000003,23,Restart Service,Scale Out,0.0346,0.0,1.0,49.64,521.34,0.0337,0.0,1.0,12,12,334.0,12.09,336.54,0.0434,0.0,1.0,0.995,1,3847
2026-10-06T15:55:53.%f+00:00,IG_012a1d7def,memory,2.8000000000000003,23,Rollback,Scale Out,0.0346,0.0,1.0,49.64,521.34,0.0337,0.0,1.0,12,12,334.0,54.03,515.74,0.061,0.12,1.0,0.854,0,7307
2026-10-06T15:55:58.%f+00:00,IG_012a1d7def,memory,2.8000000000000003,23,Restart Dependency,Scale Out,0.0346,0.0,1.0,49.64,521.34,0.0337,0.0,1.0,12,12,334.0,46.12,529.33,0.0642,0.12,1.0,0.884,0,4600
2026-10-06T15:56:01.%f+00:00,IG_017d037a0f,memory,2.9000000000000004,24,Do Nothing,Scale Out,0.0307,0.0,1.0,51.37,538.87,0.0333,0.0,1.0,8,8,342.0,48.57,495.86,0.0682,0.0,1.0,0.809,0,154
2026-10-06T15:56:13.%f+00:00,IG_017d037a0f,memory,2.9000000000000004,24,Scale Out,Scale Out,0.0307,0.0,1.0,51.37,538.87,0.0333,0.0,1.0,8,8,342.0,44.72,546.02,0.0376,0.0,1.0,0.779,0,11362
2026-10-06T15:56:18.%f+00:00,IG_017d037a0f,memory,2.9000000000000004,24,Restart Service,Scale Out,0.0307,0.0,1.0,51.37,538.87,0.0333,0.0,1.0,8,8,342.0,13.29,280.07,0.0344,0.0,1.0,0.984,1,3994
2026-10-06T15:56:24.%f+00:00,IG_017d037a0f,memory,2.9000000000000004,24,Rollback,Scale Out,0.0307,0.0,1.0,51.37,538.87,0.0333,0.0,1.0,8,8,342.0,51.86,546.94,0.0509,0.12,1.0,0.889,0,5355
2026-10-06T15:56:30.%f+00:00,IG_017d037a0f,memory,2.9000000000000004,24,Restart Dependency,Scale Out,0.0307,0.0,1.0,51.37,538.87,0.0333,0.0,1.0,8,8,342.0,48.84,526.01,0.0674,0.0,1.0,0.899,0,5170
2026-10-06T15:56:32.%f+00:00,IG_01d2e32e2f,memory,3.0,25,Do Nothing,Scale Out,0.0542,0.0,1.0,51.06,568.4,0.0519,0.0,1.0,15,15,350.0,49.55,549.5,0.0854,0.0,1.0,0.876,0,94
2026-10-06T15:56:43.%f+00:00,IG_01d2e32e2f,memory,3.0,25,Scale Out,Scale Out,0.0542,0.0,1.0,51.06,568.4,0.0519,0.0,1.0,15,15,350.0,48.92,566.95,0.0655,0.0,1.0,0.807,0,9954
2026-10-06T15:56:48.%f+00:00,IG_01d2e32e2f,memory,3.0,25,Restart Service,Scale Out,0.0542,0.0,1.0,51.06,568.4,0.0519,0.0,1.0,15,15,350.0,53.67,572.76,0.0877,0.0,1.0,0.79,0,4542
2026-10-06T15:56:54.%f+00:00,IG_01d2e32e2f,memory,3.0,25,Rollback,Scale Out,0.0542,0.0,1.0,51.06,568.4,0.0519,0.0,1.0,15,15,350.0,46.09,539.37,0.061,0.0,1.0,0.834,0,4880
2026-10-06T15:57:00.%f+00:00,IG_01d2e32e2f,memory,3.0,25,Restart Dependency,Scale Out,0.0542,0.0,1.0,51.06,568.4,0.0519,0.0,1.0,15,15,350.0,46.12,554.58,0.1065,0.0,1.0,0.825,0,4970
2026-10-06T15:57:02.%f+00:00,IG_0122c6fe4c,memory,3.1,26,Do Nothing,Scale Out,0.0549,0.0,1.0,58.48,578.89,0.0542,0.0,1.0,11,11,358.0,51.6,615.42,0.0928,0.0,1.0,0.833,0,148
2026-10-06T15:57:16.%f+00:00,IG_0122c6fe4c,memory,3.1,26,Scale Out,Scale Out,0.0549,0.0,1.0,58.48,578.89,0.0542,0.0,1.0,11,11,358.0,16.45,354.46,0.0739,0.0,1.0,0.995,1,12720
2026-10-06T15:57:22.%f+00:00,IG_0122c6fe4c,memory,3.1,26,Restart Service,Scale Out,0.0549,0.0,1.0,58.48,578.89,0.0542,0.0,1.0,11,11,358.0,50.23,597.45,0.0879,0.0,1.0,0.771,0,5421
2026-10-06T15:57:29.%f+00:00,IG_0122c6fe4c,memory,3.1,26,Rollback,Scale Out,0.0549,0.0,1.0,58.48,578.89,0.0542,0.0,1.0,11,11,358.0,13.27,303.88,0.0579,0.0,1.0,0.983,1,6494
2026-10-06T15:57:33.%f+00:00,IG_0122c6fe4c,memory,3.1,26,Restart Dependency,Scale Out,0.0549,0.0,1.0,58.48,578.89,0.0542,0.0,1.0,11,11,358.0,53.93,601.2,0.0608,0.0,1.0,0.887,0,3130
2026-10-06T15:57:36.%f+00:00,IG_000ec0ae6e,memory,3.2,27,Do Nothing,Scale Out,0.0305,0.0,1.0,55.75,593.44,0.0395,0.0,1.0,15,15,366.0,54.97,636.31,0.0474,0.0,1.0,0.907,0,128
2026-10-06T15:57:47.%f+00:00,IG_000ec0ae6e,memory,3.2,27,Scale Out,Scale Out,0.0305,0.0,1.0,55.75,593.44,0.0395,0.0,1.0,15,15,366.0,14.41,401.56,0.0404,0.0,1.0,0.991,1,10988
2026-10-06T15:57:52.%f+00:00,IG_000ec0ae6e,memory,3.2,27,Restart Service,Scale Out,0.0305,0.0,1.0,55.75,593.44,0.0395,0.0,1.0,15,15,366.0,62.8,602.56,0.0616,0.12,1.0,0.915,0,4283
2026-10-06T15:58:01.%f+00:00,IG_000ec0ae6e,memory,3.2,27,Rollback,Scale Out,0.0305,0.0,1.0,55.75,593.44,0.0395,0.0,1.0,15,15,366.0,56.88,554.66,0.0605,0.0,1.0,0.858,0,7821
2026-10-06T15:58:05.%f+00:00,IG_000ec0ae6e,memory,3.2,27,Restart Dependency,Scale Out,0.0305,0.0,1.0,55.75,593.44,0.0395,0.0,1.0,15,15,366.0,61.61,644.46,0.0863,0.0,1.0,0.786,0,3027
2026-10-06T15:58:07.%f+00:00,IG_01495c168e,memory,3.3000000000000003,28,Do Nothing,Scale Out,0.051,0.0,1.0,61.38,604.42,0.0495,0.0,1.0,14,14,374.0,60.04,614.1,0.086,0.0,1.0,0.83,0,149
2026-10-06T15:58:20.%f+00:00,IG_01495c168e,memory,3.3000000000000003,28,Scale Out,Scale Out,0.051,0.0,1.0,61.38,604.42,0.0495,0.0,1.0,14,14,374.0,61.57,663.92,0.0667,0.0,1.0,0.893,0,12220
2026-10-06T15:58:25.%f+00:00,IG_01495c168e,memory,3.3000000000000003,28,Restart Service,Scale Out,0.051,0.0,1.0,61.38,604.42,0.0495,0.0,1.0,14,14,374.0,63.05,648.05,0.0646,0.0,1.0,0.852,0,3856
2026-10-06T15:58:31.%f+00:00,IG_01495c168e,memory,3.3000000000000003,28,Rollback,Scale Out,0.051,0.0,1.0,61.38,604.42,0.0495,0.0,1.0,14,14,374.0,64.91,552.02,0.0569,0.0,1.0,0.788,0,5097
2026-10-06T15:58:35.%f+00:00,IG_01495c168e,memory,3.3000000000000003,28,Restart Dependency,Scale Out,0.051,0.0,1.0,61.38,604.42,0.0495,0.0,1.0,14,14,374.0,65.19,592.59,0.0783,0.12,1.0,0.862,0,3343
2026-10-06T15:58:38.%f+00:00,IG_00365abeac,memory,3.4000000000000004,29,Do Nothing,Scale Out,0.0759,0.0,1.0,58.43,631.82,0.0857,0.0,1.0,10,10,382.0,60.03,669.15,0.1279,0.0,1.0,0.791,0,119
2026-10-06T15:58:49.%f+00:00,IG_00365abeac,memory,3.4000000000000004,29,Scale Out,Scale Out,0.0759,0.0,1.0,58.43,631.82,0.0857,0.0,1.0,10,10,382.0,66.63,662.85,0.1866,0.0,1.0,0.774,0,10600
2026-10-06T15:58:55.%f+00:00,IG_00365abeac,memory,3.4000000000000004,29,Restart Service,Scale Out,0.0759,0.0,1.0,58.43,631.82,0.0857,0.0,1.0,10,10,382.0,16.31,353.59,0.1037,0.0,1.0,0.998,1,5595
2026-10-06T15:59:04.%f+00:00,IG_00365abeac,memory,3.4000000000000004,29,Rollback,Scale Out,0.0759,0.0,1.0,58.43,631.82,0.0857,0.0,1.0,10,10,382.0,66.82,659.72,0.1298,0.12,1.0,0.832,0,7976
2026-10-06T15:59:08.%f+00:00,IG_00365abeac,memory,3.4000000000000004,29,Restart Dependency,Scale Out,0.0759,0.0,1.0,58.43,631.82,0.0857,0.0,1.0,10,10,382.0,52.23,675.66,0.1557,0.0,1.0,0.785,0,3387
2026-10-06T15:59:11.%f+00:00,IG_00fbc646cd,memory,3.5,30,Do Nothing,Scale Out,0.0355,0.0,1.0,61.66,644.8,0.0392,0.0,1.0,10,10,390.0,53.47,677.64,0.0678,0.0,1.0,0.91,0,162
2026-10-06T15:59:24.%f+00:00,IG_00fbc646cd,memory,3.5,30,Scale Out,Scale Out,0.0355,0.0,1.0,61.66,644.8,0.0392,0.0,1.0,10,10,390.0,68.55,657.18,0.0725,0.12,1.0,0.879,0,12200
2026-10-06T15:59:30.%f+00:00,IG_00fbc646cd,memory,3.5,30,Restart Service,Scale Out,0.0355,0.0,1.0,61.66,644.8,0.0392,0.0,1.0,10,10,390.0,18.63,265.21,0.0443,0.0,1.0,0.997,1,5811
2026-10-06T15:59:38.%f+00:00,IG_00fbc646cd,memory,3.5,30,Rollback,Scale Out,0.0355,0.0,1.0,61.66,644.8,0.0392,0.0,1.0,10,10,390.0,68.61,644.0,0.0767,0.0,1.0,0.823,0,6784
2026-10-06T15:59:42.%f+00:00,IG_00fbc646cd,memory,3.5,30,Restart Dependency,Scale Out,0.0355,0.0,1.0,61.66,644.8,0.0392,0.0,1.0,10,10,390.0,54.57,583.2,0.0785,0.0,1.0,0.756,0,2835
2026-10-06T15:59:44.%f+00:00,IG_01b4f31eee,memory,3.6,31,Do Nothing,Scale Out,0.0775,0.0,1.0,63.05,680.59,0.0743,0.0,1.0,8,8,398.0,70.3,685.5,0.1536,0.12,1.0,0.838,0,95
2026-10-06T15:59:54.%f+00:00,IG_01b4f31eee,memory,3.6,31,Scale Out,Scale Out,0.0775,0.0,1.0,63.05,680.59,0.0743,0.0,1.0,8,8,398.0,63.62,722.83,0.0952,0.0,1.0,0.867,0,8810
2026-10-06T15:59:59.%f+00:00,IG_01b4f31eee,memory,3.6,31,Restart Service,Scale Out,0.0775,0.0,1.0,63.05,680.59,0.0743,0.0,1.0,8,8,398.0,58.35,665.22,0.1609,0.0,1.0,0.794,0,3999
2026-10-06T16:00:06.%f+00:00,IG_01b4f31eee,memory,3.6,31,Rollback,Scale Out,0.0775,0.0,1.0,63.05,680.59,0.0743,0.0,1.0,8,8,398.0,56.02,730.7,0.1159,0.0,1.0,0.884,0,6457
2026-10-06T16:00:10.%f+00:00,IG_01b4f31eee,memory,3.6,31,Restart Dependency,Scale Out,0.0775,0.0,1.0,63.05,680.59,0.0743,0.0,1.0,8,8,398.0,54.58,647.17,0.0981,0.12,1.0,0.915,0,3276
2026-10-06T16:00:12.%f+00:00,IG_0089d9270b,memory,3.7,32,Do Nothing,Scale Out,0.0775,0.0,1.0,67.98,683.29,0.0823,0.0,1.0,10,10,406.0,67.28,622.01,0.1488,0.12,1.0,0.892,0,153
2026-10-06T16:00:22.%f+00:00,IG_0089d9270b,memory,3.7,32,Scale Out,Scale Out,0.0775,0.0,1.0,67.98,683.29,0.0823,0.0,1.0,10,10,406.0,11.83,426.95,0.0832,0.0,1.0,0.994,1,8864
2026-10-06T16:00:28.%f+00:00,IG_0089d9270b,memory,3.7,32,Restart Service,Scale Out,0.0775,0.0,1.0,67.98,683.29,0.0823,0.0,1.0,10,10,406.0,73.47,688.44,0.1001,0.0,1.0,0.887,0,4910
2026-10-06T16:00:35.%f+00:00,IG_0089d9270b,memory,3.7,32,Rollback,Scale Out,0.0775,0.0,1.0,67.98,683.29,0.0823,0.0,1.0,10,10,406.0,19.84,456.95,0.0784,0.0,1.0,0.992,1,6461
2026-10-06T16:00:41.%f+00:00,IG_0089d9270b,memory,3.7,32,Restart Dependency,Scale Out,0.0775,0.0,1.0,67.98,683.29,0.0823,0.0,1.0,10,10,406.0,61.47,638.31,0.1294,0.0,1.0,0.796,0,5489
2026-10-06T16:00:44.%f+00:00,IG_01eb543f2a,memory,3.8000000000000003,33,Do Nothing,Scale Out,0.0494,0.0,1.0,71.86,708.86,0.0616,0.0,1.0,11,11,414.0,66.1,759.81,0.091,0.0,1.0,0.855,0,115
2026-10-06T16:00:54.%f+00:00,IG_01eb543f2a,memory,3.8000000000000003,33,Scale Out,Scale Out,0.0494,0.0,1.0,71.86,708.86,0.0616,0.0,1.0,11,11,414.0,15.93,431.13,0.0636,0.0,1.0,0.997,1,9682
2026-10-06T16:00:59.%f+00:00,IG_01eb543f2a,memory,3.8000000000000003,33,Restart Service,Scale Out,0.0494,0.0,1.0,71.86,708.86,0.0616,0.0,1.0,11,11,414.0,14.6,310.74,0.0614,0.0,1.0,0.989,1,4128
2026-10-06T16:01:07.%f+00:00,IG_01eb543f2a,memory,3.8000000000000003,33,Rollback,Scale Out,0.0494,0.0,1.0,71.86,708.86,0.0616,0.0,1.0,11,11,414.0,74.25,744.11,0.1094,0.12,1.0,0.767,0,6685
2026-10-06T16:01:11.%f+00:00,IG_01eb543f2a,memory,3.8000000000000003,33,Restart Dependency,Scale Out,0.0494,0.0,1.0,71.86,708.86,0.0616,0.0,1.0,11,11,414.0,74.54,719.87,0.1002,0.0,1.0,0.787,0,3361
2026-10-06T16:01:13.%f+00:00,IG_00759b4f48,memory,3.9000000000000004,34,Do Nothing,Scale Out,0.0641,0.0,1.0,69.44,731.16,0.0794,0.0,1.0,11,11,422.0,66.39,748.16,0.1522,0.12,1.0,0.792,0,124
2026-10-06T16:01:23.%f+00:00,IG_00759b4f48,memory,3.9000000000000004,34,Scale Out,Scale Out,0.0641,0.0,1.0,69.44,731.16,0.0794,0.0,1.0,11,11,422.0,61.39,729.86,0.1679,0.12,1.0,0.851,0,8967
2026-10-06T16:01:30.%f+00:00,IG_00759b4f48,memory,3.9000000000000004,34,Restart Service,Scale Out,0.0641,0.0,1.0,69.44,731.16,0.0794,0.0,1.0,11,11,422.0,21.26,319.97,0.073,0.0,1.0,0.99,1,6096
2026-10-06T16:01:38.%f+00:00,IG_00759b4f48,memory,3.9000000000000004,34,Rollback,Scale Out,0.0641,0.0,1.0,69.44,731.16,0.0794,0.0,1.0,11,11,422.0,60.85,790.8,0.0988,0.0,1.0,0.76,0,6875
2026-10-06T16:01:43.%f+00:00,IG_00759b4f48,memory,3.9000000000000004,34,Restart Dependency,Scale Out,0.0641,0.0,1.0,69.44,731.16,0.0794,0.0,1.0,11,11,422.0,65.54,787.68,0.1288,0.0,1.0,0.817,0,4654
2026-10-06T16:01:46.%f+00:00,IG_01fc627368,memory,4.0,35,Do Nothing,Scale Out,0.0473,0.0,1.0,67.78,740.22,0.0465,0.0,1.0,8,8,430.0,60.14,705.45,0.0729,0.12,1.0,0.781,0,163
2026-10-06T16:01:59.%f+00:00,IG_01fc627368,memory,4.0,35,Scale Out,Scale Out,0.0473,0.0,1.0,67.78,740.22,0.0465,0.0,1.0,8,8,430.0,61.45,767.35,0.0807,0.0,1.0,0.858,0,12385
2026-10-06T16:02:04.%f+00:00,IG_01fc627368,memory,4.0,35,Restart Service,Scale Out,0.0473,0.0,1.0,67.78,740.22,0.0465,0.0,1.0,8,8,430.0,57.69,671.94,0.0562,0.12,1.0,0.904,0,4056
2026-10-06T16:02:12.%f+00:00,IG_01fc627368,memory,4.0,35,Rollback,Scale Out,0.0473,0.0,1.0,67.78,740.22,0.0465,0.0,1.0,8,8,430.0,10.75,324.2,0.0494,0.0,1.0,0.987,1,7452
2026-10-06T16:02:16.%f+00:00,IG_01fc627368,memory,4.0,35,Restart Dependency,Scale Out,0.0473,0.0,1.0,67.78,740.22,0.0465,0.0,1.0,8,8,430.0,60.17,754.37,0.0999,0.12,1.0,0.768,0,3171
2026-10-06T16:02:18.%f+00:00,IG_014ebd4789,memory,4.1,36,Do Nothing,Scale Out,0.052,0.0,1.0,70.54,770.98,0.0527,0.0,1.0,14,14,438.0,74.49,722.29,0.0899,0.0,1.0,0.779,0,158
2026-10-06T16:02:29.%f+00:00,IG_014ebd4789,memory,4.1,36,Scale Out,Scale Out,0.052,0.0,1.0,70.54,770.98,0.0527,0.0,1.0,14,14,438.0,60.03,710.84,0.0882,0.0,1.0,0.889,0,10092
2026-10-06T16:02:34.%f+00:00,IG_014ebd4789,memory,4.1,36,Restart Service,Scale Out,0.052,0.0,1.0,70.54,770.98,0.0527,0.0,1.0,14,14,438.0,18.38,438.38,0.0529,0.0,1.0,0.981,1,4307
2026-10-06T16:02:40.%f+00:00,IG_014ebd4789,memory,4.1,36,Rollback,Scale Out,0.052,0.0,1.0,70.54,770.98,0.0527,0.0,1.0,14,14,438.0,74.24,728.51,0.0875,0.0,1.0,0.896,0,4720
2026-10-06T16:02:44.%f+00:00,IG_014ebd4789,memory,4.1,36,Restart Dependency,Scale Out,0.052,0.0,1.0,70.54,770.98,0.0527,0.0,1.0,14,14,438.0,62.05,718.4,0.0954,0.0,1.0,0.794,0,3419
2026-10-06T16:02:46.%f+00:00,IG_01f8e1a7a5,memory,4.2,37,Do Nothing,Scale Out,0.0776,0.0,1.0,70.57,786.28,0.0794,0.0,1.0,15,15,446.0,80.69,733.88,0.0897,0.12,1.0,0.901,0,80
2026-10-06T16:02:56.%f+00:00,IG_01f8e1a7a5,memory,4.2,37,Scale Out,Scale Out,0.0776,0.0,1.0,70.57,786.28,0.0794,0.0,1.0,15,15,446.0,74.84,759.69,0.1233,0.0,1.0,0.856,0,9005
2026-10-06T16:03:02.%f+00:00,IG_01f8e1a7a5,memory,4.2,37,Restart Service,Scale Out,0.0776,0.0,1.0,70.57,786.28,0.0794,0.0,1.0,15,15,446.0,68.01,767.49,0.0965,0.0,1.0,0.903,0,4946
2026-10-06T16:03:10.%f+00:00,IG_01f8e1a7a5,memory,4.2,37,Rollback,Scale Out,0.0776,0.0,1.0,70.57,786.28,0.0794,0.0,1.0,15,15,446.0,68.42,746.3,0.1205,0.12,1.0,0.882,0,7308
2026-10-06T16:03:15.%f+00:00,IG_01f8e1a7a5,memory,4.2,37,Restart Dependency,Scale Out,0.0776,0.0,1.0,70.57,786.28,0.0794,0.0,1.0,15,15,446.0,76.32,826.07,0.1352,0.12,1.0,0.862,0,4443
2026-10-06T16:03:18.%f+00:00,IG_010129a3c4,memory,4.300000000000001,38,Do Nothing,Scale Out,0.0765,0.0,1.0,73.39,788.62,0.078,0.0,1.0,10,10,454.0,18.38,331.58,0.077,0.0,1.0,1.0,1,159
2026-10-06T16:03:30.%f+00:00,IG_010129a3c4,memory,4.300000000000001,38,Scale Out,Scale Out,0.0765,0.0,1.0,73.39,788.62,0.078,0.0,1.0,10,10,454.0,21.89,537.22,0.0971,0.0,1.0,0.98,1,10985
2026-10-06T16:03:34.%f+00:00,IG_010129a3c4,memory,4.300000000000001,38,Restart Service,Scale Out,0.0765,0.0,1.0,73.39,788.62,0.078,0.0,1.0,10,10,454.0,73.85,777.58,0.1614,0.0,1.0,0.886,0,3522
2026-10-06T16:03:40.%f+00:00,IG_010129a3c4,memory,4.300000000000001,38,Rollback,Scale Out,0.0765,0.0,1.0,73.39,788.62,0.078,0.0,1.0,10,10,454.0,77.22,771.95,0.1396,0.12,1.0,0.82,0,5475
2026-10-06T16:03:44.%f+00:00,IG_010129a3c4,memory,4.300000000000001,38,Restart Dependency,Scale Out,0.0765,0.0,1.0,73.39,788.62,0.078,0.0,1.0,10,10,454.0,64.12,830.3,0.1243,0.0,1.0,0.816,0,2663
2026-10-06T16:03:46.%f+00:00,IG_019a082be1,memory,4.4,39,Do Nothing,Scale Out,0.0621,0.0,1.0,78.15,808.81,0.073,0.0,1.0,12,12,462.0,23.07,552.67,0.0691,0.0,1.0,0.992,1,168
2026-10-06T16:03:58.%f+00:00,IG_019a082be1,memory,4.4,39,Scale Out,Scale Out,0.0621,0.0,1.0,78.15,808.81,0.073,0.0,1.0,12,12,462.0,77.59,883.66,0.0898,0.12,1.0,0.76,0,10617
2026-10-06T16:04:05.%f+00:00,IG_019a082be1,memory,4.4,39,Restart Service,Scale Out,0.0621,0.0,1.0,78.15,808.81,0.073,0.0,1.0,12,12,462.0,19.98,418.48,0.0771,0.0,1.0,0.987,1,6246
2026-10-06T16:04:12.%f+00:00,IG_019a082be1,memory,4.4,39,Rollback,Scale Out,0.0621,0.0,1.0,78.15,808.81,0.073,0.0,1.0,12,12,462.0,70.45,742.83,0.0834,0.0,1.0,0.762,0,6228
2026-10-06T16:04:17.%f+00:00,IG_019a082be1,memory,4.4,39,Restart Dependency,Scale Out,0.0621,0.0,1.0,78.15,808.81,0.073,0.0,1.0,12,12,462.0,85.76,738.86,0.1167,0.0,1.0,0.913,0,4654
2026-10-06T16:04:20.%f+00:00,IG_01564e0802,latency,0.5,0,Do Nothing,Restart Service,0.0428,0.0,1.0,21.52,23.09,0.5,0.0,1.0,11,11,456.4,23.39,23.67,1.0403,0.0,1.0,0.817,0,95
2026-10-06T16:04:30.%f+00:00,IG_01564e0802,latency,0.5,0,Scale Out,Restart Service,0.0428,0.0,1.0,21.52,23.09,0.5,0.0,1.0,11,11,456.4,7.29,12.0,0.0521,0.0,1.0,0.985,1,9148
2026-10-06T16:04:35.%f+00:00,IG_01564e0802,latency,0.5,0,Restart Service,Restart Service,0.0428,0.0,1.0,21.52,23.09,0.5,0.0,1.0,11,11,456.4,5.0,15.47,0.0569,0.0,1.0,0.998,1,4206
2026-10-06T16:04:43.%f+00:00,IG_01564e0802,latency,0.5,0,Rollback,Restart Service,0.0428,0.0,1.0,21.52,23.09,0.5,0.0,1.0,11,11,456.4,6.93,12.0,0.0564,0.0,1.0,0.982,1,7771
2026-10-06T16:04:48.%f+00:00,IG_01564e0802,latency,0.5,0,Restart Dependency,Restart Service,0.0428,0.0,1.0,21.52,23.09,0.5,0.0,1.0,11,11,456.4,6.14,15.2,0.0513,0.0,1.0,0.993,1,3593
2026-10-06T16:04:50.%f+00:00,IG_005392b820,latency,0.6,1,Do Nothing,Restart Service,0.058,0.0,1.0,17.06,13.08,0.59,0.0,1.0,15,15,555.9,17.16,12.9,0.6951,0.0,1.0,0.862,0,155
2026-10-06T16:05:00.%f+00:00,IG_005392b820,latency,0.6,1,Scale Out,Restart Service,0.058,0.0,1.0,17.06,13.08,0.59,0.0,1.0,15,15,555.9,5.02,12.0,0.0659,0.0,1.0,0.996,1,9049
2026-10-06T16:05:05.%f+00:00,IG_005392b820,latency,0.6,1,Restart Service,Restart Service,0.058,0.0,1.0,17.06,13.08,0.59,0.0,1.0,15,15,555.9,15.3,12.72,0.8603,0.0,1.0,0.884,0,3977
2026-10-06T16:05:11.%f+00:00,IG_005392b820,latency,0.6,1,Rollback,Restart Service,0.058,0.0,1.0,17.06,13.08,0.59,0.0,1.0,15,15,555.9,5.0,12.0,0.0748,0.0,1.0,0.999,1,5844
2026-10-06T16:05:17.%f+00:00,IG_005392b820,latency,0.6,1,Restart Dependency,Restart Service,0.058,0.0,1.0,17.06,13.08,0.59,0.0,1.0,15,15,555.9,5.93,12.0,0.0653,0.0,1.0,0.993,1,4850
2026-10-06T16:05:19.%f+00:00,IG_008608043e,latency,0.7,2,Do Nothing,Restart Service,0.053,0.0,1.0,22.64,23.05,0.68,0.0,1.0,11,11,662.9,22.24,23.91,1.4927,0.0,1.0,0.826,0,85
2026-10-06T16:05:32.%f+00:00,IG_008608043e,latency,0.7,2,Scale Out,Restart Service,0.053,0.0,1.0,22.64,23.05,0.68,0.0,1.0,11,11,662.9,21.12,23.91,0.8349,0.0,1.0,0.79,0,12214
2026-10-06T16:05:37.%f+00:00,IG_008608043e,latency,0.7,2,Restart Service,Restart Service,0.053,0.0,1.0,22.64,23.05,0.68,0.0,1.0,11,11,662.9,5.0,12.72,0.0714,0.0,1.0,1.0,1,3966
2026-10-06T16:05:43.%f+00:00,IG_008608043e,latency,0.7,2,Rollback,Restart Service,0.053,0.0,1.0,22.64,23.05,0.68,0.0,1.0,11,11,662.9,25.65,24.78,0.9504,0.0,1.0,0.762,0,5359
2026-10-06T16:05:48.%f+00:00,IG_008608043e,latency,0.7,2,Restart Dependency,Restart Service,0.053,0.0,1.0,22.64,23.05,0.68,0.0,1.0,11,11,662.9,23.52,23.29,1.3037,0.12,1.0,0.877,0,3661
2026-10-06T16:05:50.%f+00:00,IG_022dd2f85d,latency,0.8,3,Do Nothing,Restart Service,0.0664,0.0,1.0,19.29,15.14,0.77,0.0,1.0,8,8,695.2,21.94,15.61,1.6441,0.12,1.0,0.907,0,154
2026-10-06T16:06:03.%f+00:00,IG_022dd2f85d,latency,0.8,3,Scale Out,Restart Service,0.0664,0.0,1.0,19.29,15.14,0.77,0.0,1.0,8,8,695.2,5.52,12.0,0.0714,0.0,1.0,0.997,1,12358
2026-10-06T16:06:09.%f+00:00,IG_022dd2f85d,latency,0.8,3,Restart Service,Restart Service,0.0664,0.0,1.0,19.29,15.14,0.77,0.0,1.0,8,8,695.2,5.0,12.0,0.0929,0.0,1.0,0.994,1,5275
2026-10-06T16:06:17.%f+00:00,IG_022dd2f85d,latency,0.8,3,Rollback,Restart Service,0.0664,0.0,1.0,19.29,15.14,0.77,0.0,1.0,8,8,695.2,19.17,15.25,1.0944,0.12,1.0,0.891,0,7025
2026-10-06T16:06:23.%f+00:00,IG_022dd2f85d,latency,0.8,3,Restart Dependency,Restart Service,0.0664,0.0,1.0,19.29,15.14,0.77,0.0,1.0,8,8,695.2,19.57,13.84,1.3587,0.0,1.0,0.915,0,5043
2026-10-06T16:06:26.%f+00:00,IG_013bb02c80,latency,0.9,4,Do Nothing,Restart Service,0.0534,0.0,1.0,12.02,24.29,0.86,0.0,1.0,13,13,842.7,10.52,25.06,1.6781,0.0,1.0,0.905,0,169
2026-10-06T16:06:37.%f+00:00,IG_013bb02c80,latency,0.9,4,Scale Out,Restart Service,0.0534,0.0,1.0,12.02,24.29,0.86,0.0,1.0,13,13,842.7,5.0,12.68,0.0583,0.0,1.0,0.993,1,10306
2026-10-06T16:06:43.%f+00:00,IG_013bb02c80,latency,0.9,4,Restart Service,Restart Service,0.0534,0.0,1.0,12.02,24.29,0.86,0.0,1.0,13,13,842.7,5.0,12.16,0.0546,0.0,1.0,0.997,1,5382
2026-10-06T16:06:51.%f+00:00,IG_013bb02c80,latency,0.9,4,Rollback,Restart Service,0.0534,0.0,1.0,12.02,24.29,0.86,0.0,1.0,13,13,842.7,5.0,13.39,0.0674,0.0,1.0,0.997,1,7718
2026-10-06T16:06:57.%f+00:00,IG_013bb02c80,latency,0.9,4,Restart Dependency,Restart Service,0.0534,0.0,1.0,12.02,24.29,0.86,0.0,1.0,13,13,842.7,5.0,13.14,0.063,0.0,1.0,0.999,1,4693
2026-10-06T16:06:59.%f+00:00,IG_00bcd058a2,latency,1.0,5,Do Nothing,Restart Service,0.0687,0.0,1.0,20.62,18.51,0.95,0.0,1.0,15,15,920.9,19.77,18.57,1.0769,0.0,1.0,0.849,0,117
2026-10-06T16:07:13.%f+00:00,IG_00bcd058a2,latency,1.0,5,Scale Out,Restart Service,0.0687,0.0,1.0,20.62,18.51,0.95,0.0,1.0,15,15,920.9,6.83,12.0,0.0832,0.0,1.0,0.989,1,12928
2026-10-06T16:07:20.%f+00:00,IG_00bcd058a2,latency,1.0,5,Restart Service,Restart Service,0.0687,0.0,1.0,20.62,18.51,0.95,0.0,1.0,15,15,920.9,5.0,12.0,0.0707,0.0,1.0,0.997,1,6251
2026-10-06T16:07:27.%f+00:00,IG_00bcd058a2,latency,1.0,5,Rollback,Restart Service,0.0687,0.0,1.0,20.62,18.51,0.95,0.0,1.0,15,15,920.9,18.1,20.16,1.3955,0.0,1.0,0.888,0,5599
2026-10-06T16:07:30.%f+00:00,IG_00bcd058a2,latency,1.0,5,Restart Dependency,Restart Service,0.0687,0.0,1.0,20.62,18.51,0.95,0.0,1.0,15,15,920.9,18.4,19.61,1.8502,0.12,1.0,0.762,0,2720
2026-10-06T16:07:32.%f+00:00,IG_00bfd344c3,latency,1.1,6,Do Nothing,Restart Service,0.0447,0.0,1.0,19.61,14.43,1.04,0.0,1.0,15,15,1188.8,17.27,13.7,1.2383,0.0,1.0,0.873,0,84
2026-10-06T16:07:43.%f+00:00,IG_00bfd344c3,latency,1.1,6,Scale Out,Restart Service,0.0447,0.0,1.0,19.61,14.43,1.04,0.0,1.0,15,15,1188.8,5.56,12.0,0.0502,0.0,1.0,0.996,1,9688
2026-10-06T16:07:50.%f+00:00,IG_00bfd344c3,latency,1.1,6,Restart Service,Restart Service,0.0447,0.0,1.0,19.61,14.43,1.04,0.0,1.0,15,15,1188.8,5.79,12.0,0.0618,0.0,1.0,0.992,1,6057
2026-10-06T16:07:58.%f+00:00,IG_00bfd344c3,latency,1.1,6,Rollback,Restart Service,0.0447,0.0,1.0,19.61,14.43,1.04,0.0,1.0,15,15,1188.8,6.18,12.0,0.0464,0.0,1.0,0.989,1,6927
2026-10-06T16:08:04.%f+00:00,IG_00bfd344c3,latency,1.1,6,Restart Dependency,Restart Service,0.0447,0.0,1.0,19.61,14.43,1.04,0.0,1.0,15,15,1188.8,21.91,15.16,1.9943,0.12,1.0,0.829,0,5195
2026-10-06T16:08:06.%f+00:00,IG_0227d134e4,latency,1.2000000000000002,7,Do Nothing,Restart Service,0.0307,0.0,1.0,15.01,14.94,1.13,0.0,1.0,14,14,1152.9,13.14,16.31,2.0567,0.12,1.0,0.867,0,123
2026-10-06T16:08:19.%f+00:00,IG_0227d134e4,latency,1.2000000000000002,7,Scale Out,Restart Service,0.0307,0.0,1.0,15.01,14.94,1.13,0.0,1.0,14,14,1152.9,5.0,12.0,0.0377,0.0,1.0,0.994,1,12105
2026-10-06T16:08:24.%f+00:00,IG_0227d134e4,latency,1.2000000000000002,7,Restart Service,Restart Service,0.0307,0.0,1.0,15.01,14.94,1.13,0.0,1.0,14,14,1152.9,5.0,12.0,0.0385,0.0,1.0,0.986,1,3812
2026-10-06T16:08:31.%f+00:00,IG_0227d134e4,latency,1.2000000000000002,7,Rollback,Restart Service,0.0307,0.0,1.0,15.01,14.94,1.13,0.0,1.0,14,14,1152.9,13.15,15.62,2.4492,0.0,1.0,0.807,0,6659
2026-10-06T16:08:36.%f+00:00,IG_0227d134e4,latency,1.2000000000000002,7,Restart Dependency,Restart Service,0.0307,0.0,1.0,15.01,14.94,1.13,0.0,1.0,14,14,1152.9,5.0,12.0,0.0353,0.0,1.0,0.997,1,3869
2026-10-06T16:08:38.%f+00:00,IG_01d2e2f104,latency,1.3,8,Do Nothing,Restart Service,0.0486,0.0,1.0,16.45,22.51,1.22,0.0,1.0,9,9,1355.7,17.8,22.48,1.5836,0.12,1.0,0.856,0,141
2026-10-06T16:08:52.%f+00:00,IG_01d2e2f104,latency,1.3,8,Scale Out,Restart Service,0.0486,0.0,1.0,16.45,22.51,1.22,0.0,1.0,9,9,1355.7,14.44,21.04,1.4166,0.0,1.0,0.775,0,12795
2026-10-06T16:08:57.%f+00:00,IG_01d2e2f104,latency,1.3,8,Restart Service,Restart Service,0.0486,0.0,1.0,16.45,22.51,1.22,0.0,1.0,9,9,1355.7,5.0,12.15,0.0556,0.0,1.0,0.995,1,4096
2026-10-06T16:09:05.%f+00:00,IG_01d2e2f104,latency,1.3,8,Rollback,Restart Service,0.0486,0.0,1.0,16.45,22.51,1.22,0.0,1.0,9,9,1355.7,5.0,12.0,0.0553,0.0,1.0,0.983,1,7903
2026-10-06T16:09:10.%f+00:00,IG_01d2e2f104,latency,1.3,8,Restart Dependency,Restart Service,0.0486,0.0,1.0,16.45,22.51,1.22,0.0,1.0,9,9,1355.7,17.7,21.19,1.6875,0.0,1.0,0.886,0,3631
2026-10-06T16:09:12.%f+00:00,IG_01e2d79127,latency,1.4,9,Do Nothing,Restart Service,0.0656,0.0,1.0,19.65,12.15,1.31,0.0,1.0,12,12,1187.8,21.31,11.45,1.817,0.12,1.0,0.84,0,102
2026-10-06T16:09:22.%f+00:00,IG_01e2d79127,latency,1.4,9,Scale Out,Restart Service,0.0656,0.0,1.0,19.65,12.15,1.31,0.0,1.0,12,12,1187.8,5.0,12.0,0.0884,0.0,1.0,0.987,1,9293
2026-10-06T16:09:29.%f+00:00,IG_01e2d79127,latency,1.4,9,Restart Service,Restart Service,0.0656,0.0,1.0,19.65,12.15,1.31,0.0,1.0,12,12,1187.8,5.0,12.0,0.0829,0.0,1.0,0.997,1,5480
2026-10-06T16:09:35.%f+00:00,IG_01e2d79127,latency,1.4,9,Rollback,Restart Service,0.0656,0.0,1.0,19.65,12.15,1.31,0.0,1.0,12,12,1187.8,22.02,13.04,2.2122,0.12,1.0,0.776,0,5878
2026-10-06T16:09:41.%f+00:00,IG_01e2d79127,latency,1.4,9,Restart Dependency,Restart Service,0.0656,0.0,1.0,19.65,12.15,1.31,0.0,1.0,12,12,1187.8,21.3,12.42,2.6356,0.12,1.0,0.762,0,4709
2026-10-06T16:09:43.%f+00:00,IG_00104f6546,latency,1.5,10,Do Nothing,Restart Service,0.0655,0.0,1.0,15.6,21.48,1.4,0.0,1.0,8,8,1376.9,15.78,19.41,2.0518,0.0,1.0,0.803,0,116
2026-10-06T16:09:56.%f+00:00,IG_00104f6546,latency,1.5,10,Scale Out,Restart Service,0.0655,0.0,1.0,15.6,21.48,1.4,0.0,1.0,8,8,1376.9,5.0,12.0,0.0889,0.0,1.0,0.996,1,12447
2026-10-06T16:10:01.%f+00:00,IG_00104f6546,latency,1.5,10,Restart Service,Restart Service,0.0655,0.0,1.0,15.6,21.48,1.4,0.0,1.0,8,8,1376.9,17.19,23.54,3.0101,0.0,1.0,0.913,0,3605
2026-10-06T16:10:08.%f+00:00,IG_00104f6546,latency,1.5,10,Rollback,Restart Service,0.0655,0.0,1.0,15.6,21.48,1.4,0.0,1.0,8,8,1376.9,15.46,19.61,2.6473,0.0,1.0,0.779,0,6233
2026-10-06T16:10:14.%f+00:00,IG_00104f6546,latency,1.5,10,Restart Dependency,Restart Service,0.0655,0.0,1.0,15.6,21.48,1.4,0.0,1.0,8,8,1376.9,15.64,22.35,2.6095,0.0,1.0,0.863,0,5166
2026-10-06T16:10:16.%f+00:00,IG_01d7ed3567,latency,1.6,11,Do Nothing,Restart Service,0.0542,0.0,1.0,17.38,21.17,1.49,0.0,1.0,15,15,1550.0,16.82,22.51,2.8819,0.12,1.0,0.898,0,92
2026-10-06T16:10:28.%f+00:00,IG_01d7ed3567,latency,1.6,11,Scale Out,Restart Service,0.0542,0.0,1.0,17.38,21.17,1.49,0.0,1.0,15,15,1550.0,5.0,14.6,0.0552,0.0,1.0,0.982,1,10556
2026-10-06T16:10:34.%f+00:00,IG_01d7ed3567,latency,1.6,11,Restart Service,Restart Service,0.0542,0.0,1.0,17.38,21.17,1.49,0.0,1.0,15,15,1550.0,16.79,22.65,1.7743,0.0,1.0,0.872,0,5187
2026-10-06T16:10:41.%f+00:00,IG_01d7ed3567,latency,1.6,11,Rollback,Restart Service,0.0542,0.0,1.0,17.38,21.17,1.49,0.0,1.0,15,15,1550.0,17.39,21.06,3.268,0.0,1.0,0.76,0,6113
2026-10-06T16:10:44.%f+00:00,IG_01d7ed3567,latency,1.6,11,Restart Dependency,Restart Service,0.0542,0.0,1.0,17.38,21.17,1.49,0.0,1.0,15,15,1550.0,5.0,12.0,0.0695,0.0,1.0,0.996,1,2608
2026-10-06T16:10:46.%f+00:00,IG_0086f4cd85,latency,1.7000000000000002,12,Do Nothing,Restart Service,0.0402,0.0,1.0,18.24,21.5,1.58,0.0,1.0,14,14,1615.6,20.04,22.82,2.097,0.0,1.0,0.778,0,126
2026-10-06T16:10:58.%f+00:00,IG_0086f4cd85,latency,1.7000000000000002,12,Scale Out,Restart Service,0.0402,0.0,1.0,18.24,21.5,1.58,0.0,1.0,14,14,1615.6,18.7,21.56,2.6587,0.0,1.0,0.837,0,10892
2026-10-06T16:11:04.%f+00:00,IG_0086f4cd85,latency,1.7000000000000002,12,Restart Service,Restart Service,0.0402,0.0,1.0,18.24,21.5,1.58,0.0,1.0,14,14,1615.6,5.27,14.47,0.0539,0.0,1.0,0.981,1,5148
2026-10-06T16:11:10.%f+00:00,IG_0086f4cd85,latency,1.7000000000000002,12,Rollback,Restart Service,0.0402,0.0,1.0,18.24,21.5,1.58,0.0,1.0,14,14,1615.6,16.91,19.95,3.3497,0.12,1.0,0.834,0,5394
2026-10-06T16:11:14.%f+00:00,IG_0086f4cd85,latency,1.7000000000000002,12,Restart Dependency,Restart Service,0.0402,0.0,1.0,18.24,21.5,1.58,0.0,1.0,14,14,1615.6,18.36,21.84,3.2667,0.12,1.0,0.778,0,3328
2026-10-06T16:11:17.%f+00:00,IG_023b7b31a3,latency,1.8,13,Do Nothing,Restart Service,0.0728,0.0,1.0,24.95,20.98,1.67,0.0,1.0,13,13,1529.4,28.0,22.48,1.9049,0.0,1.0,0.9,0,102
2026-10-06T16:11:27.%f+00:00,IG_023b7b31a3,latency,1.8,13,Scale Out,Restart Service,0.0728,0.0,1.0,24.95,20.98,1.67,0.0,1.0,13,13,1529.4,7.37,12.33,0.093,0.0,1.0,0.989,1,9761
2026-10-06T16:11:33.%f+00:00,IG_023b7b31a3,latency,1.8,13,Restart Service,Restart Service,0.0728,0.0,1.0,24.95,20.98,1.67,0.0,1.0,13,13,1529.4,7.39,12.71,0.0894,0.0,1.0,0.992,1,5153
2026-10-06T16:11:40.%f+00:00,IG_023b7b31a3,latency,1.8,13,Rollback,Restart Service,0.0728,0.0,1.0,24.95,20.98,1.67,0.0,1.0,13,13,1529.4,6.76,12.0,0.0953,0.0,1.0,0.992,1,5729
2026-10-06T16:11:46.%f+00:00,IG_023b7b31a3,latency,1.8,13,Restart Dependency,Restart Service,0.0728,0.0,1.0,24.95,20.98,1.67,0.0,1.0,13,13,1529.4,27.69,20.04,1.9681,0.0,1.0,0.794,0,4833
2026-10-06T16:11:48.%f+00:00,IG_00a62bb9c2,latency,1.9000000000000001,14,Do Nothing,Restart Service,0.0578,0.0,1.0,17.95,15.73,1.76,0.0,1.0,8,8,1778.2,17.93,17.18,2.8966,0.0,1.0,0.785,0,144
2026-10-06T16:12:00.%f+00:00,IG_00a62bb9c2,latency,1.9000000000000001,14,Scale Out,Restart Service,0.0578,0.0,1.0,17.95,15.73,1.76,0.0,1.0,8,8,1778.2,17.36,16.88,2.7899,0.0,1.0,0.845,0,11194
2026-10-06T16:12:05.%f+00:00,IG_00a62bb9c2,latency,1.9000000000000001,14,Restart Service,Restart Service,0.0578,0.0,1.0,17.95,15.73,1.76,0.0,1.0,8,8,1778.2,15.31,14.86,2.3214,0.0,1.0,0.772,0,4196
2026-10-06T16:12:12.%f+00:00,IG_00a62bb9c2,latency,1.9000000000000001,14,Rollback,Restart Service,0.0578,0.0,1.0,17.95,15.73,1.76,0.0,1.0,8,8,1778.2,15.44,14.46,3.1129,0.12,1.0,0.869,0,6243
2026-10-06T16:12:18.%f+00:00,IG_00a62bb9c2,latency,1.9000000000000001,14,Restart Dependency,Restart Service,0.0578,0.0,1.0,17.95,15.73,1.76,0.0,1.0,8,8,1778.2,20.45,16.16,3.5859,0.12,1.0,0.914,0,5208
2026-10-06T16:12:21.%f+00:00,IG_021eae39e3,latency,2.0,15,Do Nothing,Restart Service,0.059,0.0,1.0,13.33,12.21,1.85,0.0,1.0,8,8,1979.7,13.79,11.97,2.9513,0.12,1.0,0.842,0,161
2026-10-06T16:12:32.%f+00:00,IG_021eae39e3,latency,2.0,15,Scale Out,Restart Service,0.059,0.0,1.0,13.33,12.21,1.85,0.0,1.0,8,8,1979.7,13.73,12.76,2.4392,0.12,1.0,0.837,0,10457
2026-10-06T16:12:37.%f+00:00,IG_021eae39e3,latency,2.0,15,Restart Service,Restart Service,0.059,0.0,1.0,13.33,12.21,1.85,0.0,1.0,8,8,1979.7,14.59,11.57,3.835,0.0,1.0,0.877,0,4449
2026-10-06T16:12:43.%f+00:00,IG_021eae39e3,latency,2.0,15,Rollback,Restart Service,0.059,0.0,1.0,13.33,12.21,1.85,0.0,1.0,8,8,1979.7,14.84,13.25,3.0768,0.0,1.0,0.891,0,4741
2026-10-06T16:12:46.%f+00:00,IG_021eae39e3,latency,2.0,15,Restart Dependency,Restart Service,0.059,0.0,1.0,13.33,12.21,1.85,0.0,1.0,8,8,1979.7,5.0,12.0,0.0628,0.0,1.0,0.991,1,2555
2026-10-06T16:12:48.%f+00:00,IG_01e4a219ff,latency,2.1,16,Do Nothing,Restart Service,0.0784,0.0,1.0,21.24,23.82,1.94,0.0,1.0,12,12,2185.7,23.35,21.65,2.2713,0.0,1.0,0.878,0,175
2026-10-06T16:13:01.%f+00:00,IG_01e4a219ff,latency,2.1,16,Scale Out,Restart Service,0.0784,0.0,1.0,21.24,23.82,1.94,0.0,1.0,12,12,2185.7,22.73,24.19,2.2662,0.0,1.0,0.919,0,11782
2026-10-06T16:13:06.%f+00:00,IG_01e4a219ff,latency,2.1,16,Restart Service,Restart Service,0.0784,0.0,1.0,21.24,23.82,1.94,0.0,1.0,12,12,2185.7,5.29,12.0,0.0801,0.0,1.0,0.98,1,3734
2026-10-06T16:13:14.%f+00:00,IG_01e4a219ff,latency,2.1,16,Rollback,Restart Service,0.0784,0.0,1.0,21.24,23.82,1.94,0.0,1.0,12,12,2185.7,6.12,12.86,0.0843,0.0,1.0,0.996,1,7844
2026-10-06T16:13:18.%f+00:00,IG_01e4a219ff,latency,2.1,16,Restart Dependency,Restart Service,0.0784,0.0,1.0,21.24,23.82,1.94,0.0,1.0,12,12,2185.7,23.39,22.35,3.2078,0.12,1.0,0.768,0,2698
2026-10-06T16:13:20.%f+00:00,IG_00bda2721f,latency,2.2,17,Do Nothing,Restart Service,0.0536,0.0,1.0,21.11,23.92,2.03,0.0,1.0,13,13,1920.7,19.33,22.54,3.1767,0.0,1.0,0.878,0,168
2026-10-06T16:13:32.%f+00:00,IG_00bda2721f,latency,2.2,17,Scale Out,Restart Service,0.0536,0.0,1.0,21.11,23.92,2.03,0.0,1.0,13,13,1920.7,6.78,12.6,0.0669,0.0,1.0,0.997,1,11088
2026-10-06T16:13:37.%f+00:00,IG_00bda2721f,latency,2.2,17,Restart Service,Restart Service,0.0536,0.0,1.0,21.11,23.92,2.03,0.0,1.0,13,13,1920.7,20.95,22.19,3.182,0.12,1.0,0.809,0,4267
2026-10-06T16:13:43.%f+00:00,IG_00bda2721f,latency,2.2,17,Rollback,Restart Service,0.0536,0.0,1.0,21.11,23.92,2.03,0.0,1.0,13,13,1920.7,19.24,25.94,2.2812,0.0,1.0,0.839,0,4964
2026-10-06T16:13:47.%f+00:00,IG_00bda2721f,latency,2.2,17,Restart Dependency,Restart Service,0.0536,0.0,1.0,21.11,23.92,2.03,0.0,1.0,13,13,1920.7,18.71,24.14,2.7912,0.0,1.0,0.794,0,2750
2026-10-06T16:13:49.%f+00:00,IG_002eb9623b,latency,2.3,18,Do Nothing,Restart Service,0.0603,0.0,1.0,21.82,14.12,2.12,0.0,1.0,10,10,2219.0,5.93,12.0,0.0804,0.0,1.0,0.993,1,154
2026-10-06T16:14:01.%f+00:00,IG_002eb9623b,latency,2.3,18,Scale Out,Restart Service,0.0603,0.0,1.0,21.82,14.12,2.12,0.0,1.0,10,10,2219.0,24.84,15.12,3.7472,0.0,1.0,0.829,0,10785
2026-10-06T16:14:05.%f+00:00,IG_002eb9623b,latency,2.3,18,Restart Service,Restart Service,0.0603,0.0,1.0,21.82,14.12,2.12,0.0,1.0,10,10,2219.0,7.18,12.0,0.0643,0.0,1.0,0.988,1,3540
2026-10-06T16:14:14.%f+00:00,IG_002eb9623b,latency,2.3,18,Rollback,Restart Service,0.0603,0.0,1.0,21.82,14.12,2.12,0.0,1.0,10,10,2219.0,23.71,14.39,3.7328,0.0,1.0,0.752,0,7938
2026-10-06T16:14:18.%f+00:00,IG_002eb9623b,latency,2.3,18,Restart Dependency,Restart Service,0.0603,0.0,1.0,21.82,14.12,2.12,0.0,1.0,10,10,2219.0,22.22,12.92,2.4442,0.0,1.0,0.794,0,3235
2026-10-06T16:14:20.%f+00:00,IG_00584aea5b,latency,2.4000000000000004,19,Do Nothing,Restart Service,0.0506,0.0,1.0,19.38,23.48,2.21,0.0,1.0,8,8,2355.4,17.31,25.81,2.4727,0.0,1.0,0.768,0,173
2026-10-06T16:14:31.%f+00:00,IG_00584aea5b,latency,2.4000000000000004,19,Scale Out,Restart Service,0.0506,0.0,1.0,19.38,23.48,2.21,0.0,1.0,8,8,2355.4,6.43,15.68,0.0598,0.0,1.0,0.984,1,9561
2026-10-06T16:14:37.%f+00:00,IG_00584aea5b,latency,2.4000000000000004,19,Restart Service,Restart Service,0.0506,0.0,1.0,19.38,23.48,2.21,0.0,1.0,8,8,2355.4,5.0,12.0,0.068,0.0,1.0,0.996,1,6094
2026-10-06T16:14:45.%f+00:00,IG_00584aea5b,latency,2.4000000000000004,19,Rollback,Restart Service,0.0506,0.0,1.0,19.38,23.48,2.21,0.0,1.0,8,8,2355.4,22.07,24.65,3.6519,0.0,1.0,0.874,0,6458
2026-10-06T16:14:50.%f+00:00,IG_00584aea5b,latency,2.4000000000000004,19,Restart Dependency,Restart Service,0.0506,0.0,1.0,19.38,23.48,2.21,0.0,1.0,8,8,2355.4,20.18,23.54,2.6369,0.0,1.0,0.862,0,4449
2026-10-06T16:14:52.%f+00:00,IG_0036b9b27b,latency,2.5,20,Do Nothing,Restart Service,0.0565,0.0,1.0,17.65,15.73,2.3,0.0,1.0,13,13,2212.2,15.53,15.69,3.1871,0.12,1.0,0.761,0,158
2026-10-06T16:15:03.%f+00:00,IG_0036b9b27b,latency,2.5,20,Scale Out,Restart Service,0.0565,0.0,1.0,17.65,15.73,2.3,0.0,1.0,13,13,2212.2,18.81,15.84,2.7995,0.0,1.0,0.898,0,9416
2026-10-06T16:15:07.%f+00:00,IG_0036b9b27b,latency,2.5,20,Restart Service,Restart Service,0.0565,0.0,1.0,17.65,15.73,2.3,0.0,1.0,13,13,2212.2,5.0,12.0,0.0664,0.0,1.0,0.989,1,4001
2026-10-06T16:15:16.%f+00:00,IG_0036b9b27b,latency,2.5,20,Rollback,Restart Service,0.0565,0.0,1.0,17.65,15.73,2.3,0.0,1.0,13,13,2212.2,15.28,14.99,4.2018,0.0,1.0,0.753,0,7909
2026-10-06T16:15:22.%f+00:00,IG_0036b9b27b,latency,2.5,20,Restart Dependency,Restart Service,0.0565,0.0,1.0,17.65,15.73,2.3,0.0,1.0,13,13,2212.2,20.21,14.55,4.3573,0.0,1.0,0.87,0,5412
2026-10-06T16:15:25.%f+00:00,IG_021376fe9b,latency,2.6,21,Do Nothing,Restart Service,0.0715,0.0,1.0,16.89,17.67,2.39,0.0,1.0,10,10,2190.8,14.68,18.93,5.2186,0.0,1.0,0.915,0,98
2026-10-06T16:15:34.%f+00:00,IG_021376fe9b,latency,2.6,21,Scale Out,Restart Service,0.0715,0.0,1.0,16.89,17.67,2.39,0.0,1.0,10,10,2190.8,18.96,16.21,4.3806,0.0,1.0,0.788,0,8562
2026-10-06T16:15:39.%f+00:00,IG_021376fe9b,latency,2.6,21,Restart Service,Restart Service,0.0715,0.0,1.0,16.89,17.67,2.39,0.0,1.0,10,10,2190.8,5.0,12.0,0.0812,0.0,1.0,0.988,1,4353
2026-10-06T16:15:45.%f+00:00,IG_021376fe9b,latency,2.6,21,Rollback,Restart Service,0.0715,0.0,1.0,16.89,17.67,2.39,0.0,1.0,10,10,2190.8,16.85,17.7,3.8856,0.12,1.0,0.779,0,4543
2026-10-06T16:15:49.%f+00:00,IG_021376fe9b,latency,2.6,21,Restart Dependency,Restart Service,0.0715,0.0,1.0,16.89,17.67,2.39,0.0,1.0,10,10,2190.8,18.42,17.0,5.1361,0.0,1.0,0.853,0,3665
2026-10-06T16:15:52.%f+00:00,IG_01a92936b6,latency,2.7,22,Do Nothing,Restart Service,0.0346,0.0,1.0,17.52,14.36,2.48,0.0,1.0,11,11,2390.0,20.08,13.61,4.0232,0.0,1.0,0.914,0,178
2026-10-06T16:16:01.%f+00:00,IG_01a92936b6,latency,2.7,22,Scale Out,Restart Service,0.0346,0.0,1.0,17.52,14.36,2.48,0.0,1.0,11,11,2390.0,16.68,15.15,4.5412,0.0,1.0,0.919,0,8874
2026-10-06T16:16:08.%f+00:00,IG_01a92936b6,latency,2.7,22,Restart Service,Restart Service,0.0346,0.0,1.0,17.52,14.36,2.48,0.0,1.0,11,11,2390.0,15.4,15.26,3.8204,0.12,1.0,0.828,0,6116
2026-10-06T16:16:16.%f+00:00,IG_01a92936b6,latency,2.7,22,Rollback,Restart Service,0.0346,0.0,1.0,17.52,14.36,2.48,0.0,1.0,11,11,2390.0,18.31,14.46,5.4249,0.0,1.0,0.762,0,6610
2026-10-06T16:16:21.%f+00:00,IG_01a92936b6,latency,2.7,22,Restart Dependency,Restart Service,0.0346,0.0,1.0,17.52,14.36,2.48,0.0,1.0,11,11,2390.0,19.15,15.04,2.9051,0.12,1.0,0.833,0,4075
2026-10-06T16:16:23.%f+00:00,IG_014690c2d5,latency,2.8000000000000003,23,Do Nothing,Restart Service,0.0553,0.0,1.0,21.92,22.43,2.57,0.0,1.0,11,11,2609.5,24.35,22.11,2.9689,0.0,1.0,0.832,0,82
2026-10-06T16:16:36.%f+00:00,IG_014690c2d5,latency,2.8000000000000003,23,Scale Out,Restart Service,0.0553,0.0,1.0,21.92,22.43,2.57,0.0,1.0,11,11,2609.5,18.7,23.1,5.0352,0.0,1.0,0.79,0,11959
2026-10-06T16:16:43.%f+00:00,IG_014690c2d5,latency,2.8000000000000003,23,Restart Service,Restart Service,0.0553,0.0,1.0,21.92,22.43,2.57,0.0,1.0,11,11,2609.5,18.75,20.26,4.3144,0.0,1.0,0.796,0,6361
2026-10-06T16:16:52.%f+00:00,IG_014690c2d5,latency,2.8000000000000003,23,Rollback,Restart Service,0.0553,0.0,1.0,21.92,22.43,2.57,0.0,1.0,11,11,2609.5,21.61,21.64,3.5279,0.0,1.0,0.771,0,7840
2026-10-06T16:16:56.%f+00:00,IG_014690c2d5,latency,2.8000000000000003,23,Restart Dependency,Restart Service,0.0553,0.0,1.0,21.92,22.43,2.57,0.0,1.0,11,11,2609.5,5.93,12.0,0.0605,0.0,1.0,0.986,1,3212
2026-10-06T16:16:58.%f+00:00,IG_0205e1d6f8,latency,2.9000000000000004,24,Do Nothing,Restart Service,0.0735,0.0,1.0,14.29,16.87,2.66,0.0,1.0,11,11,2489.3,14.13,17.42,5.3153,0.12,1.0,0.903,0,82
2026-10-06T16:17:10.%f+00:00,IG_0205e1d6f8,latency,2.9000000000000004,24,Scale Out,Restart Service,0.0735,0.0,1.0,14.29,16.87,2.66,0.0,1.0,11,11,2489.3,12.93,16.23,5.6241,0.0,1.0,0.806,0,10996
2026-10-06T16:17:15.%f+00:00,IG_0205e1d6f8,latency,2.9000000000000004,24,Restart Service,Restart Service,0.0735,0.0,1.0,14.29,16.87,2.66,0.0,1.0,11,11,2489.3,5.0,12.0,0.0989,0.0,1.0,0.994,1,4167
2026-10-06T16:17:20.%f+00:00,IG_0205e1d6f8,latency,2.9000000000000004,24,Rollback,Restart Service,0.0735,0.0,1.0,14.29,16.87,2.66,0.0,1.0,11,11,2489.3,5.0,12.0,0.0816,0.0,1.0,0.999,1,4757
2026-10-06T16:17:24.%f+00:00,IG_0205e1d6f8,latency,2.9000000000000004,24,Restart Dependency,Restart Service,0.0735,0.0,1.0,14.29,16.87,2.66,0.0,1.0,11,11,2489.3,15.08,16.15,4.8008,0.0,1.0,0.826,0,2555
2026-10-06T16:17:26.%f+00:00,IG_01da1aaf14,latency,3.0,25,Do Nothing,Restart Service,0.0758,0.0,1.0,11.78,13.52,2.75,0.0,1.0,10,10,2891.9,10.73,13.06,4.3351,0.0,1.0,0.827,0,127
2026-10-06T16:17:38.%f+00:00,IG_01da1aaf14,latency,3.0,25,Scale Out,Restart Service,0.0758,0.0,1.0,11.78,13.52,2.75,0.0,1.0,10,10,2891.9,5.0,12.0,0.1026,0.0,1.0,0.989,1,10978
2026-10-06T16:17:45.%f+00:00,IG_01da1aaf14,latency,3.0,25,Restart Service,Restart Service,0.0758,0.0,1.0,11.78,13.52,2.75,0.0,1.0,10,10,2891.9,10.19,12.66,5.0674,0.12,1.0,0.888,0,5870
2026-10-06T16:17:52.%f+00:00,IG_01da1aaf14,latency,3.0,25,Rollback,Restart Service,0.0758,0.0,1.0,11.78,13.52,2.75,0.0,1.0,10,10,2891.9,5.0,12.0,0.1022,0.0,1.0,0.995,1,6536
2026-10-06T16:17:55.%f+00:00,IG_01da1aaf14,latency,3.0,25,Restart Dependency,Restart Service,0.0758,0.0,1.0,11.78,13.52,2.75,0.0,1.0,10,10,2891.9,12.36,12.27,5.3153,0.0,1.0,0.762,0,2614
2026-10-06T16:17:58.%f+00:00,IG_017bbc8734,latency,3.1,26,Do Nothing,Restart Service,0.0558,0.0,1.0,25.02,21.98,2.84,0.0,1.0,14,14,2899.4,26.07,23.57,3.4008,0.0,1.0,0.843,0,154
2026-10-06T16:18:08.%f+00:00,IG_017bbc8734,latency,3.1,26,Scale Out,Restart Service,0.0558,0.0,1.0,25.02,21.98,2.84,0.0,1.0,14,14,2899.4,25.32,20.71,4.6625,0.0,1.0,0.896,0,9041
2026-10-06T16:18:13.%f+00:00,IG_017bbc8734,latency,3.1,26,Restart Service,Restart Service,0.0558,0.0,1.0,25.02,21.98,2.84,0.0,1.0,14,14,2899.4,22.73,20.46,4.8305,0.0,1.0,0.765,0,4456
2026-10-06T16:18:21.%f+00:00,IG_017bbc8734,latency,3.1,26,Rollback,Restart Service,0.0558,0.0,1.0,25.02,21.98,2.84,0.0,1.0,14,14,2899.4,5.56,12.0,0.0768,0.0,1.0,0.996,1,6840
2026-10-06T16:18:27.%f+00:00,IG_017bbc8734,latency,3.1,26,Restart Dependency,Restart Service,0.0558,0.0,1.0,25.02,21.98,2.84,0.0,1.0,14,14,2899.4,22.84,22.42,6.2402,0.12,1.0,0.803,0,5411
2026-10-06T16:18:29.%f+00:00,IG_01cba34f54,latency,3.2,27,Do Nothing,Restart Service,0.0555,0.0,1.0,18.6,24.22,2.93,0.0,1.0,15,15,3116.4,19.28,26.61,4.2179,0.0,1.0,0.918,0,89
2026-10-06T16:18:40.%f+00:00,IG_01cba34f54,latency,3.2,27,Scale Out,Restart Service,0.0555,0.0,1.0,18.6,24.22,2.93,0.0,1.0,15,15,3116.4,17.44,22.22,5.9962,0.0,1.0,0.769,0,10483
2026-10-06T16:18:46.%f+00:00,IG_01cba34f54,latency,3.2,27,Restart Service,Restart Service,0.0555,0.0,1.0,18.6,24.22,2.93,0.0,1.0,15,15,3116.4,5.0,14.84,0.0678,0.0,1.0,0.996,1,4774
2026-10-06T16:18:52.%f+00:00,IG_01cba34f54,latency,3.2,27,Rollback,Restart Service,0.0555,0.0,1.0,18.6,24.22,2.93,0.0,1.0,15,15,3116.4,5.0,12.0,0.0744,0.0,1.0,0.982,1,5273
2026-10-06T16:18:56.%f+00:00,IG_01cba34f54,latency,3.2,27,Restart Dependency,Restart Service,0.0555,0.0,1.0,18.6,24.22,2.93,0.0,1.0,15,15,3116.4,15.93,26.29,5.4268,0.12,1.0,0.824,0,3223
2026-10-06T16:18:59.%f+00:00,IG_002f456771,latency,3.3000000000000003,28,Do Nothing,Restart Service,0.0437,0.0,1.0,12.16,22.97,3.02,0.0,1.0,12,12,3359.4,10.91,21.75,3.635,0.0,1.0,0.882,0,158
2026-10-06T16:19:08.%f+00:00,IG_002f456771,latency,3.3000000000000003,28,Scale Out,Restart Service,0.0437,0.0,1.0,12.16,22.97,3.02,0.0,1.0,12,12,3359.4,5.0,14.28,0.0457,0.0,1.0,0.981,1,8791
2026-10-06T16:19:14.%f+00:00,IG_002f456771,latency,3.3000000000000003,28,Restart Service,Restart Service,0.0437,0.0,1.0,12.16,22.97,3.02,0.0,1.0,12,12,3359.4,13.44,25.12,3.5909,0.0,1.0,0.834,0,5270
2026-10-06T16:19:22.%f+00:00,IG_002f456771,latency,3.3000000000000003,28,Rollback,Restart Service,0.0437,0.0,1.0,12.16,22.97,3.02,0.0,1.0,12,12,3359.4,5.0,12.0,0.0571,0.0,1.0,0.996,1,6775
2026-10-06T16:19:27.%f+00:00,IG_002f456771,latency,3.3000000000000003,28,Restart Dependency,Restart Service,0.0437,0.0,1.0,12.16,22.97,3.02,0.0,1.0,12,12,3359.4,13.37,20.75,4.9735,0.0,1.0,0.906,0,4813
2026-10-06T16:19:30.%f+00:00,IG_01493db390,latency,3.4000000000000004,29,Do Nothing,Restart Service,0.0563,0.0,1.0,12.25,14.36,3.11,0.0,1.0,9,9,3008.8,5.0,12.0,0.073,0.0,1.0,0.993,1,163
2026-10-06T16:19:40.%f+00:00,IG_01493db390,latency,3.4000000000000004,29,Scale Out,Restart Service,0.0563,0.0,1.0,12.25,14.36,3.11,0.0,1.0,9,9,3008.8,5.0,12.0,0.075,0.0,1.0,0.989,1,9148
2026-10-06T16:19:47.%f+00:00,IG_01493db390,latency,3.4000000000000004,29,Restart Service,Restart Service,0.0563,0.0,1.0,12.25,14.36,3.11,0.0,1.0,9,9,3008.8,11.49,15.33,6.0497,0.0,1.0,0.904,0,6132
2026-10-06T16:19:53.%f+00:00,IG_01493db390,latency,3.4000000000000004,29,Rollback,Restart Service,0.0563,0.0,1.0,12.25,14.36,3.11,0.0,1.0,9,9,3008.8,10.8,14.9,6.1727,0.12,1.0,0.81,0,5171
2026-10-06T16:19:58.%f+00:00,IG_01493db390,latency,3.4000000000000004,29,Restart Dependency,Restart Service,0.0563,0.0,1.0,12.25,14.36,3.11,0.0,1.0,9,9,3008.8,13.52,13.01,5.1499,0.0,1.0,0.846,0,4532
2026-10-06T16:20:01.%f+00:00,IG_00778eb7af,latency,3.5,30,Do Nothing,Restart Service,0.0758,0.0,1.0,19.82,15.89,3.2,0.0,1.0,11,11,3357.3,20.23,15.15,5.4387,0.0,1.0,0.857,0,82
2026-10-06T16:20:13.%f+00:00,IG_00778eb7af,latency,3.5,30,Scale Out,Restart Service,0.0758,0.0,1.0,19.82,15.89,3.2,0.0,1.0,11,11,3357.3,21.65,15.69,5.4393,0.12,1.0,0.913,0,11538
2026-10-06T16:20:19.%f+00:00,IG_00778eb7af,latency,3.5,30,Restart Service,Restart Service,0.0758,0.0,1.0,19.82,15.89,3.2,0.0,1.0,11,11,3357.3,21.0,15.08,4.7934,0.0,1.0,0.824,0,5773
2026-10-06T16:20:27.%f+00:00,IG_00778eb7af,latency,3.5,30,Rollback,Restart Service,0.0758,0.0,1.0,19.82,15.89,3.2,0.0,1.0,11,11,3357.3,6.62,12.0,0.0802,0.0,1.0,0.995,1,6968
2026-10-06T16:20:33.%f+00:00,IG_00778eb7af,latency,3.5,30,Restart Dependency,Restart Service,0.0758,0.0,1.0,19.82,15.89,3.2,0.0,1.0,11,11,3357.3,18.02,16.22,6.27,0.0,1.0,0.851,0,4875
2026-10-06T16:20:35.%f+00:00,IG_00cbb903d2,latency,3.6,31,Do Nothing,Restart Service,0.031,0.0,1.0,19.6,12.88,3.29,0.0,1.0,13,13,3454.9,19.53,14.03,5.841,0.12,1.0,0.787,0,101
2026-10-06T16:20:46.%f+00:00,IG_00cbb903d2,latency,3.6,31,Scale Out,Restart Service,0.031,0.0,1.0,19.6,12.88,3.29,0.0,1.0,13,13,3454.9,16.98,12.22,3.8648,0.0,1.0,0.855,0,9594
2026-10-06T16:20:52.%f+00:00,IG_00cbb903d2,latency,3.6,31,Restart Service,Restart Service,0.031,0.0,1.0,19.6,12.88,3.29,0.0,1.0,13,13,3454.9,5.0,12.0,0.0424,0.0,1.0,0.987,1,5331
2026-10-06T16:20:58.%f+00:00,IG_00cbb903d2,latency,3.6,31,Rollback,Restart Service,0.031,0.0,1.0,19.6,12.88,3.29,0.0,1.0,13,13,3454.9,5.0,12.0,0.0427,0.0,1.0,0.984,1,5161
2026-10-06T16:21:02.%f+00:00,IG_00cbb903d2,latency,3.6,31,Restart Dependency,Restart Service,0.031,0.0,1.0,19.6,12.88,3.29,0.0,1.0,13,13,3454.9,22.46,12.88,7.0274,0.12,1.0,0.756,0,3173
2026-10-06T16:21:04.%f+00:00,IG_00f64833ef,latency,3.7,32,Do Nothing,Restart Service,0.0503,0.0,1.0,14.51,19.79,3.38,0.0,1.0,11,11,3475.9,12.82,19.53,3.8586,0.12,1.0,0.907,0,85
2026-10-06T16:21:16.%f+00:00,IG_00f64833ef,latency,3.7,32,Scale Out,Restart Service,0.0503,0.0,1.0,14.51,19.79,3.38,0.0,1.0,11,11,3475.9,5.0,13.53,0.0506,0.0,1.0,0.982,1,10614
2026-10-06T16:21:22.%f+00:00,IG_00f64833ef,latency,3.7,32,Restart Service,Restart Service,0.0503,0.0,1.0,14.51,19.79,3.38,0.0,1.0,11,11,3475.9,5.0,12.0,0.0663,0.0,1.0,0.996,1,5303
2026-10-06T16:21:27.%f+00:00,IG_00f64833ef,latency,3.7,32,Rollback,Restart Service,0.0503,0.0,1.0,14.51,19.79,3.38,0.0,1.0,11,11,3475.9,5.0,13.3,0.063,0.0,1.0,0.983,1,4755
2026-10-06T16:21:33.%f+00:00,IG_00f64833ef,latency,3.7,32,Restart Dependency,Restart Service,0.0503,0.0,1.0,14.51,19.79,3.38,0.0,1.0,11,11,3475.9,12.77,19.63,6.7582,0.0,1.0,0.884,0,5298
2026-10-06T16:21:36.%f+00:00,IG_0076044c0e,latency,3.8000000000000003,33,Do Nothing,Restart Service,0.05,0.0,1.0,16.85,19.47,3.47,0.0,1.0,10,10,3874.0,14.85,19.18,6.58,0.0,1.0,0.874,0,153
2026-10-06T16:21:47.%f+00:00,IG_0076044c0e,latency,3.8000000000000003,33,Scale Out,Restart Service,0.05,0.0,1.0,16.85,19.47,3.47,0.0,1.0,10,10,3874.0,5.0,12.0,0.0503,0.0,1.0,0.982,1,10521
2026-10-06T16:21:53.%f+00:00,IG_0076044c0e,latency,3.8000000000000003,33,Restart Service,Restart Service,0.05,0.0,1.0,16.85,19.47,3.47,0.0,1.0,10,10,3874.0,15.0,19.15,6.1452,0.0,1.0,0.77,0,5172
2026-10-06T16:22:01.%f+00:00,IG_0076044c0e,latency,3.8000000000000003,33,Rollback,Restart Service,0.05,0.0,1.0,16.85,19.47,3.47,0.0,1.0,10,10,3874.0,5.0,12.71,0.0638,0.0,1.0,0.988,1,7397
2026-10-06T16:22:06.%f+00:00,IG_0076044c0e,latency,3.8000000000000003,33,Restart Dependency,Restart Service,0.05,0.0,1.0,16.85,19.47,3.47,0.0,1.0,10,10,3874.0,16.05,20.99,6.3369,0.12,1.0,0.905,0,4118
2026-10-06T16:22:09.%f+00:00,IG_0023f6142f,latency,3.9000000000000004,34,Do Nothing,Restart Service,0.0617,0.0,1.0,14.89,12.65,3.56,0.0,1.0,10,10,3909.0,16.54,11.98,7.0941,0.0,1.0,0.908,0,176
2026-10-06T16:22:20.%f+00:00,IG_0023f6142f,latency,3.9000000000000004,34,Scale Out,Restart Service,0.0617,0.0,1.0,14.89,12.65,3.56,0.0,1.0,10,10,3909.0,16.62,11.62,5.085,0.0,1.0,0.758,0,10703
2026-10-06T16:22:27.%f+00:00,IG_0023f6142f,latency,3.9000000000000004,34,Restart Service,Restart Service,0.0617,0.0,1.0,14.89,12.65,3.56,0.0,1.0,10,10,3909.0,5.0,12.0,0.0733,0.0,1.0,0.995,1,5389
2026-10-06T16:22:32.%f+00:00,IG_0023f6142f,latency,3.9000000000000004,34,Rollback,Restart Service,0.0617,0.0,1.0,14.89,12.65,3.56,0.0,1.0,10,10,3909.0,5.0,12.0,0.0822,0.0,1.0,0.998,1,4653
2026-10-06T16:22:38.%f+00:00,IG_0023f6142f,latency,3.9000000000000004,34,Restart Dependency,Restart Service,0.0617,0.0,1.0,14.89,12.65,3.56,0.0,1.0,10,10,3909.0,5.06,12.0,0.0733,0.0,1.0,0.999,1,5247
2026-10-06T16:22:41.%f+00:00,IG_011112c84f,latency,4.0,35,Do Nothing,Restart Service,0.0601,0.0,1.0,18.14,21.13,3.65,0.0,1.0,8,8,3981.3,16.84,19.11,4.7153,0.0,1.0,0.915,0,172
2026-10-06T16:22:53.%f+00:00,IG_011112c84f,latency,4.0,35,Scale Out,Restart Service,0.0601,0.0,1.0,18.14,21.13,3.65,0.0,1.0,8,8,3981.3,15.86,22.68,7.0531,0.12,1.0,0.871,0,12072
2026-10-06T16:23:00.%f+00:00,IG_011112c84f,latency,4.0,35,Restart Service,Restart Service,0.0601,0.0,1.0,18.14,21.13,3.65,0.0,1.0,8,8,3981.3,5.0,12.0,0.0646,0.0,1.0,0.985,1,6223
2026-10-06T16:23:09.%f+00:00,IG_011112c84f,latency,4.0,35,Rollback,Restart Service,0.0601,0.0,1.0,18.14,21.13,3.65,0.0,1.0,8,8,3981.3,5.58,12.07,0.0671,0.0,1.0,0.987,1,7809
2026-10-06T16:23:13.%f+00:00,IG_011112c84f,latency,4.0,35,Restart Dependency,Restart Service,0.0601,0.0,1.0,18.14,21.13,3.65,0.0,1.0,8,8,3981.3,15.87,19.51,5.7407,0.0,1.0,0.842,0,2724
2026-10-06T16:23:15.%f+00:00,IG_02422fe871,latency,4.1,36,Do Nothing,Restart Service,0.0675,0.0,1.0,20.46,16.24,3.74,0.0,1.0,15,15,3955.7,20.32,14.98,4.5174,0.0,1.0,0.755,0,148
2026-10-06T16:23:25.%f+00:00,IG_02422fe871,latency,4.1,36,Scale Out,Restart Service,0.0675,0.0,1.0,20.46,16.24,3.74,0.0,1.0,15,15,3955.7,22.21,16.82,5.2595,0.0,1.0,0.817,0,9340
2026-10-06T16:23:31.%f+00:00,IG_02422fe871,latency,4.1,36,Restart Service,Restart Service,0.0675,0.0,1.0,20.46,16.24,3.74,0.0,1.0,15,15,3955.7,5.0,12.0,0.0874,0.0,1.0,1.0,1,4811
2026-10-06T16:23:37.%f+00:00,IG_02422fe871,latency,4.1,36,Rollback,Restart Service,0.0675,0.0,1.0,20.46,16.24,3.74,0.0,1.0,15,15,3955.7,5.0,12.0,0.083,0.0,1.0,0.984,1,5340
2026-10-06T16:23:43.%f+00:00,IG_02422fe871,latency,4.1,36,Restart Dependency,Restart Service,0.0675,0.0,1.0,20.46,16.24,3.74,0.0,1.0,15,15,3955.7,21.04,15.86,6.2041,0.12,1.0,0.894,0,5033
2026-10-06T16:23:45.%f+00:00,IG_0091727090,latency,4.2,37,Do Nothing,Restart Service,0.0307,0.0,1.0,22.28,16.13,3.83,0.0,1.0,13,13,4211.7,6.16,12.0,0.0324,0.0,1.0,0.983,1,94
2026-10-06T16:23:56.%f+00:00,IG_0091727090,latency,4.2,37,Scale Out,Restart Service,0.0307,0.0,1.0,22.28,16.13,3.83,0.0,1.0,13,13,4211.7,24.93,15.11,7.8352,0.0,1.0,0.768,0,9920
2026-10-06T16:24:03.%f+00:00,IG_0091727090,latency,4.2,37,Restart Service,Restart Service,0.0307,0.0,1.0,22.28,16.13,3.83,0.0,1.0,13,13,4211.7,5.81,12.0,0.031,0.0,1.0,0.994,1,6428
2026-10-06T16:24:12.%f+00:00,IG_0091727090,latency,4.2,37,Rollback,Restart Service,0.0307,0.0,1.0,22.28,16.13,3.83,0.0,1.0,13,13,4211.7,5.0,12.0,0.0389,0.0,1.0,0.983,1,7991
2026-10-06T16:24:17.%f+00:00,IG_0091727090,latency,4.2,37,Restart Dependency,Restart Service,0.0307,0.0,1.0,22.28,16.13,3.83,0.0,1.0,13,13,4211.7,20.14,16.54,8.386,0.0,1.0,0.801,0,3976
2026-10-06T16:24:19.%f+00:00,IG_015457a4b2,latency,4.300000000000001,38,Do Nothing,Restart Service,0.0613,0.0,1.0,19.89,23.47,3.92,0.0,1.0,8,8,3548.8,17.45,24.12,7.5942,0.0,1.0,0.763,0,83
2026-10-06T16:24:30.%f+00:00,IG_015457a4b2,latency,4.300000000000001,38,Scale Out,Restart Service,0.0613,0.0,1.0,19.89,23.47,3.92,0.0,1.0,8,8,3548.8,17.85,25.75,5.7818,0.12,1.0,0.77,0,10378
2026-10-06T16:24:37.%f+00:00,IG_015457a4b2,latency,4.300000000000001,38,Restart Service,Restart Service,0.0613,0.0,1.0,19.89,23.47,3.92,0.0,1.0,8,8,3548.8,20.96,21.55,8.5639,0.12,1.0,0.917,0,5678
2026-10-06T16:24:43.%f+00:00,IG_015457a4b2,latency,4.300000000000001,38,Rollback,Restart Service,0.0613,0.0,1.0,19.89,23.47,3.92,0.0,1.0,8,8,3548.8,22.13,24.06,5.6319,0.0,1.0,0.754,0,5818
2026-10-06T16:24:49.%f+00:00,IG_015457a4b2,latency,4.300000000000001,38,Restart Dependency,Restart Service,0.0613,0.0,1.0,19.89,23.47,3.92,0.0,1.0,8,8,3548.8,17.34,23.89,4.678,0.0,1.0,0.889,0,4879
2026-10-06T16:24:52.%f+00:00,IG_00754a2cd2,latency,4.4,39,Do Nothing,Restart Service,0.0505,0.0,1.0,15.78,19.95,4.01,0.0,1.0,8,8,4011.7,14.65,18.93,8.4036,0.0,1.0,0.764,0,93
2026-10-06T16:25:04.%f+00:00,IG_00754a2cd2,latency,4.4,39,Scale Out,Restart Service,0.0505,0.0,1.0,15.78,19.95,4.01,0.0,1.0,8,8,4011.7,18.11,21.83,6.6344,0.0,1.0,0.901,0,11558
2026-10-06T16:25:09.%f+00:00,IG_00754a2cd2,latency,4.4,39,Restart Service,Restart Service,0.0505,0.0,1.0,15.78,19.95,4.01,0.0,1.0,8,8,4011.7,5.0,12.0,0.0685,0.0,1.0,0.995,1,4025
2026-10-06T16:25:17.%f+00:00,IG_00754a2cd2,latency,4.4,39,Rollback,Restart Service,0.0505,0.0,1.0,15.78,19.95,4.01,0.0,1.0,8,8,4011.7,5.0,12.0,0.0686,0.0,1.0,0.984,1,7492
2026-10-06T16:25:22.%f+00:00,IG_00754a2cd2,latency,4.4,39,Restart Dependency,Restart Service,0.0505,0.0,1.0,15.78,19.95,4.01,0.0,1.0,8,8,4011.7,15.93,21.82,6.9491,0.0,1.0,0.827,0,4314
2026-10-06T16:25:25.%f+00:00,IG_0039ed9cf3,errors,0.5,0,Do Nothing,Rollback,0.0459,0.0,1.0,13.56,22.05,0.0526,0.4931,1.0,9,4,170.0,12.44,23.97,0.1014,0.4931,1.0,0.776,0,132
2026-10-06T16:25:38.%f+00:00,IG_0039ed9cf3,errors,0.5,0,Scale Out,Rollback,0.0459,0.0,1.0,13.56,22.05,0.0526,0.4931,1.0,9,4,170.0,5.0,14.41,0.0638,0.0,1.0,0.988,1,12335
2026-10-06T16:25:43.%f+00:00,IG_0039ed9cf3,errors,0.5,0,Restart Service,Rollback,0.0459,0.0,1.0,13.56,22.05,0.0526,0.4931,1.0,9,4,170.0,5.0,12.0,0.0467,0.0,1.0,0.982,1,4718
2026-10-06T16:25:49.%f+00:00,IG_0039ed9cf3,errors,0.5,0,Rollback,Rollback,0.0459,0.0,1.0,13.56,22.05,0.0526,0.4931,1.0,9,4,170.0,5.0,12.54,0.0639,0.0,1.0,0.998,1,5285
2026-10-06T16:25:55.%f+00:00,IG_0039ed9cf3,errors,0.5,0,Restart Dependency,Rollback,0.0459,0.0,1.0,13.56,22.05,0.0526,0.4931,1.0,9,4,170.0,5.0,13.51,0.0591,0.0,1.0,0.988,1,4544
2026-10-06T16:25:57.%f+00:00,IG_0043042513,errors,0.6,1,Do Nothing,Rollback,0.0658,0.0,1.0,14.21,20.61,0.0797,0.5855,1.0,12,4,180.0,13.76,21.79,0.1543,0.5855,1.0,0.88,0,104
2026-10-06T16:26:09.%f+00:00,IG_0043042513,errors,0.6,1,Scale Out,Rollback,0.0658,0.0,1.0,14.21,20.61,0.0797,0.5855,1.0,12,4,180.0,13.53,20.97,0.1411,0.5855,1.0,0.829,0,11051
2026-10-06T16:26:15.%f+00:00,IG_0043042513,errors,0.6,1,Restart Service,Rollback,0.0658,0.0,1.0,14.21,20.61,0.0797,0.5855,1.0,12,4,180.0,5.0,12.0,0.0713,0.0,1.0,0.989,1,5704
2026-10-06T16:26:21.%f+00:00,IG_0043042513,errors,0.6,1,Rollback,Rollback,0.0658,0.0,1.0,14.21,20.61,0.0797,0.5855,1.0,12,4,180.0,5.0,12.0,0.0702,0.0,1.0,0.988,1,4825
2026-10-06T16:26:27.%f+00:00,IG_0043042513,errors,0.6,1,Restart Dependency,Rollback,0.0658,0.0,1.0,14.21,20.61,0.0797,0.5855,1.0,12,4,180.0,5.0,12.0,0.0845,0.0,1.0,0.998,1,5171
2026-10-06T16:26:30.%f+00:00,IG_011c2b9534,errors,0.7,2,Do Nothing,Rollback,0.0453,0.0,1.0,14.28,22.75,0.046,0.6357,1.0,15,5,190.0,15.73,21.58,0.0567,0.6357,1.0,0.89,0,139
2026-10-06T16:26:40.%f+00:00,IG_011c2b9534,errors,0.7,2,Scale Out,Rollback,0.0453,0.0,1.0,14.28,22.75,0.046,0.6357,1.0,15,5,190.0,15.83,22.06,0.0539,0.6357,1.0,0.819,0,9778
2026-10-06T16:26:45.%f+00:00,IG_011c2b9534,errors,0.7,2,Restart Service,Rollback,0.0453,0.0,1.0,14.28,22.75,0.046,0.6357,1.0,15,5,190.0,5.0,15.53,0.0477,0.0,1.0,0.996,1,3707
2026-10-06T16:26:52.%f+00:00,IG_011c2b9534,errors,0.7,2,Rollback,Rollback,0.0453,0.0,1.0,14.28,22.75,0.046,0.6357,1.0,15,5,190.0,5.0,12.49,0.0551,0.0,1.0,0.99,1,6294
2026-10-06T16:26:55.%f+00:00,IG_011c2b9534,errors,0.7,2,Restart Dependency,Rollback,0.0453,0.0,1.0,14.28,22.75,0.046,0.6357,1.0,15,5,190.0,14.74,22.96,0.052,0.6357,1.0,0.778,0,2511
2026-10-06T16:26:57.%f+00:00,IG_01aaecd150,errors,0.8,3,Do Nothing,Rollback,0.0664,0.0,1.0,16.16,12.5,0.0845,0.7637,1.0,10,2,200.0,14.99,11.3,0.1335,0.7637,1.0,0.839,0,129
2026-10-06T16:27:10.%f+00:00,IG_01aaecd150,errors,0.8,3,Scale Out,Rollback,0.0664,0.0,1.0,16.16,12.5,0.0845,0.7637,1.0,10,2,200.0,16.44,11.66,0.1032,0.7637,1.0,0.766,0,12189
2026-10-06T16:27:15.%f+00:00,IG_01aaecd150,errors,0.8,3,Restart Service,Rollback,0.0664,0.0,1.0,16.16,12.5,0.0845,0.7637,1.0,10,2,200.0,5.55,12.0,0.0841,0.0,1.0,0.994,1,3777
2026-10-06T16:27:22.%f+00:00,IG_01aaecd150,errors,0.8,3,Rollback,Rollback,0.0664,0.0,1.0,16.16,12.5,0.0845,0.7637,1.0,10,2,200.0,5.0,12.0,0.0893,0.0,1.0,0.984,1,6199
2026-10-06T16:27:28.%f+00:00,IG_01aaecd150,errors,0.8,3,Restart Dependency,Rollback,0.0664,0.0,1.0,16.16,12.5,0.0845,0.7637,1.0,10,2,200.0,14.18,13.42,0.1439,0.7637,1.0,0.785,0,4987
2026-10-06T16:27:30.%f+00:00,IG_01c6315d71,errors,0.9,4,Do Nothing,Rollback,0.0573,0.0,1.0,13.15,24.52,0.0679,0.8373,1.0,14,2,210.0,12.95,25.99,0.1232,0.8373,1.0,0.891,0,126
2026-10-06T16:27:41.%f+00:00,IG_01c6315d71,errors,0.9,4,Scale Out,Rollback,0.0573,0.0,1.0,13.15,24.52,0.0679,0.8373,1.0,14,2,210.0,5.0,12.0,0.069,0.0,1.0,0.999,1,9795
2026-10-06T16:27:45.%f+00:00,IG_01c6315d71,errors,0.9,4,Restart Service,Rollback,0.0573,0.0,1.0,13.15,24.52,0.0679,0.8373,1.0,14,2,210.0,12.63,26.67,0.1272,0.8373,1.0,0.905,0,3583
2026-10-06T16:27:54.%f+00:00,IG_01c6315d71,errors,0.9,4,Rollback,Rollback,0.0573,0.0,1.0,13.15,24.52,0.0679,0.8373,1.0,14,2,210.0,14.06,26.01,0.1102,0.8373,1.0,0.79,0,7525
2026-10-06T16:27:59.%f+00:00,IG_01c6315d71,errors,0.9,4,Restart Dependency,Rollback,0.0573,0.0,1.0,13.15,24.52,0.0679,0.8373,1.0,14,2,210.0,12.91,25.34,0.1481,0.8373,1.0,0.883,0,4418
2026-10-06T16:28:01.%f+00:00,IG_024e4ad190,errors,1.0,5,Do Nothing,Rollback,0.0737,0.0,1.0,17.75,17.51,0.0845,0.95,1.0,13,0,220.0,16.87,18.04,0.1409,0.95,1.0,0.9,0,92
2026-10-06T16:28:14.%f+00:00,IG_024e4ad190,errors,1.0,5,Scale Out,Rollback,0.0737,0.0,1.0,17.75,17.51,0.0845,0.95,1.0,13,0,220.0,18.08,18.29,0.1635,0.95,1.0,0.753,0,12362
2026-10-06T16:28:19.%f+00:00,IG_024e4ad190,errors,1.0,5,Restart Service,Rollback,0.0737,0.0,1.0,17.75,17.51,0.0845,0.95,1.0,13,0,220.0,5.0,12.0,0.0992,0.0,1.0,0.99,1,3754
2026-10-06T16:28:27.%f+00:00,IG_024e4ad190,errors,1.0,5,Rollback,Rollback,0.0737,0.0,1.0,17.75,17.51,0.0845,0.95,1.0,13,0,220.0,5.0,12.0,0.0924,0.0,1.0,0.981,1,7502
2026-10-06T16:28:32.%f+00:00,IG_024e4ad190,errors,1.0,5,Restart Dependency,Rollback,0.0737,0.0,1.0,17.75,17.51,0.0845,0.95,1.0,13,0,220.0,5.83,12.0,0.0829,0.0,1.0,0.99,1,4259
2026-10-06T16:28:35.%f+00:00,IG_00573429b1,errors,1.1,6,Do Nothing,Rollback,0.076,0.0,1.0,21.72,14.83,0.0846,0.95,1.0,8,0,230.0,23.31,14.81,0.1563,0.95,1.0,0.907,0,95
2026-10-06T16:28:46.%f+00:00,IG_00573429b1,errors,1.1,6,Scale Out,Rollback,0.076,0.0,1.0,21.72,14.83,0.0846,0.95,1.0,8,0,230.0,20.21,14.02,0.1613,0.95,1.0,0.838,0,10306
2026-10-06T16:28:51.%f+00:00,IG_00573429b1,errors,1.1,6,Restart Service,Rollback,0.076,0.0,1.0,21.72,14.83,0.0846,0.95,1.0,8,0,230.0,7.47,12.0,0.1015,0.0,1.0,0.998,1,3934
2026-10-06T16:28:57.%f+00:00,IG_00573429b1,errors,1.1,6,Rollback,Rollback,0.076,0.0,1.0,21.72,14.83,0.0846,0.95,1.0,8,0,230.0,5.0,12.0,0.0958,0.0,1.0,0.998,1,5869
2026-10-06T16:29:03.%f+00:00,IG_00573429b1,errors,1.1,6,Restart Dependency,Rollback,0.076,0.0,1.0,21.72,14.83,0.0846,0.95,1.0,8,0,230.0,18.67,15.16,0.1347,0.95,1.0,0.851,0,4614
2026-10-06T16:29:05.%f+00:00,IG_016b2835d0,errors,1.2000000000000002,7,Do Nothing,Rollback,0.0622,0.0,1.0,17.46,24.78,0.0746,0.95,1.0,9,0,240.0,18.79,24.94,0.1189,0.95,1.0,0.851,0,101
2026-10-06T16:29:17.%f+00:00,IG_016b2835d0,errors,1.2000000000000002,7,Scale Out,Rollback,0.0622,0.0,1.0,17.46,24.78,0.0746,0.95,1.0,9,0,240.0,18.21,27.17,0.1177,0.95,1.0,0.892,0,11390
2026-10-06T16:29:24.%f+00:00,IG_016b2835d0,errors,1.2000000000000002,7,Restart Service,Rollback,0.0622,0.0,1.0,17.46,24.78,0.0746,0.95,1.0,9,0,240.0,17.45,22.64,0.1369,0.95,1.0,0.823,0,6154
2026-10-06T16:29:31.%f+00:00,IG_016b2835d0,errors,1.2000000000000002,7,Rollback,Rollback,0.0622,0.0,1.0,17.46,24.78,0.0746,0.95,1.0,9,0,240.0,18.37,23.64,0.1564,0.95,1.0,0.797,0,6391
2026-10-06T16:29:35.%f+00:00,IG_016b2835d0,errors,1.2000000000000002,7,Restart Dependency,Rollback,0.0622,0.0,1.0,17.46,24.78,0.0746,0.95,1.0,9,0,240.0,16.18,23.01,0.1557,0.95,1.0,0.754,0,2525
2026-10-06T16:29:37.%f+00:00,IG_0030e705f0,errors,1.3,8,Do Nothing,Rollback,0.0775,0.0,1.0,23.3,21.98,0.0859,0.95,1.0,11,0,250.0,22.29,21.69,0.1834,0.95,1.0,0.804,0,120
2026-10-06T16:29:48.%f+00:00,IG_0030e705f0,errors,1.3,8,Scale Out,Rollback,0.0775,0.0,1.0,23.3,21.98,0.0859,0.95,1.0,11,0,250.0,20.65,20.91,0.1576,0.95,1.0,0.788,0,9486
2026-10-06T16:29:55.%f+00:00,IG_0030e705f0,errors,1.3,8,Restart Service,Rollback,0.0775,0.0,1.0,23.3,21.98,0.0859,0.95,1.0,11,0,250.0,22.66,24.11,0.1349,0.95,1.0,0.792,0,6407
2026-10-06T16:30:04.%f+00:00,IG_0030e705f0,errors,1.3,8,Rollback,Rollback,0.0775,0.0,1.0,23.3,21.98,0.0859,0.95,1.0,11,0,250.0,24.98,20.39,0.1123,0.95,1.0,0.769,0,7963
2026-10-06T16:30:08.%f+00:00,IG_0030e705f0,errors,1.3,8,Restart Dependency,Rollback,0.0775,0.0,1.0,23.3,21.98,0.0859,0.95,1.0,11,0,250.0,21.6,23.52,0.1129,0.95,1.0,0.881,0,3790
2026-10-06T16:30:11.%f+00:00,IG_013d9ca211,errors,1.4,9,Do Nothing,Rollback,0.0672,0.0,1.0,19.63,21.76,0.0634,0.95,1.0,12,0,260.0,22.48,23.16,0.125,0.95,1.0,0.835,0,157
2026-10-06T16:30:21.%f+00:00,IG_013d9ca211,errors,1.4,9,Scale Out,Rollback,0.0672,0.0,1.0,19.63,21.76,0.0634,0.95,1.0,12,0,260.0,20.64,21.88,0.1082,0.95,1.0,0.806,0,9887
2026-10-06T16:30:27.%f+00:00,IG_013d9ca211,errors,1.4,9,Restart Service,Rollback,0.0672,0.0,1.0,19.63,21.76,0.0634,0.95,1.0,12,0,260.0,6.68,12.0,0.0925,0.0,1.0,0.997,1,5194
2026-10-06T16:30:34.%f+00:00,IG_013d9ca211,errors,1.4,9,Rollback,Rollback,0.0672,0.0,1.0,19.63,21.76,0.0634,0.95,1.0,12,0,260.0,19.8,19.78,0.1121,0.95,1.0,0.872,0,5498
2026-10-06T16:30:40.%f+00:00,IG_013d9ca211,errors,1.4,9,Restart Dependency,Rollback,0.0672,0.0,1.0,19.63,21.76,0.0634,0.95,1.0,12,0,260.0,21.58,23.16,0.1175,0.95,1.0,0.828,0,5492
2026-10-06T16:30:42.%f+00:00,IG_0205c5ca31,errors,1.5,10,Do Nothing,Rollback,0.0616,0.0,1.0,24.68,20.16,0.063,0.95,1.0,15,0,270.0,27.42,20.44,0.0923,0.95,1.0,0.828,0,143
2026-10-06T16:30:53.%f+00:00,IG_0205c5ca31,errors,1.5,10,Scale Out,Rollback,0.0616,0.0,1.0,24.68,20.16,0.063,0.95,1.0,15,0,270.0,28.01,20.77,0.1037,0.95,1.0,0.791,0,9414
2026-10-06T16:31:00.%f+00:00,IG_0205c5ca31,errors,1.5,10,Restart Service,Rollback,0.0616,0.0,1.0,24.68,20.16,0.063,0.95,1.0,15,0,270.0,21.67,20.45,0.1239,0.95,1.0,0.884,0,6306
2026-10-06T16:31:08.%f+00:00,IG_0205c5ca31,errors,1.5,10,Rollback,Rollback,0.0616,0.0,1.0,24.68,20.16,0.063,0.95,1.0,15,0,270.0,24.19,20.92,0.1018,0.95,1.0,0.87,0,7490
2026-10-06T16:31:13.%f+00:00,IG_0205c5ca31,errors,1.5,10,Restart Dependency,Rollback,0.0616,0.0,1.0,24.68,20.16,0.063,0.95,1.0,15,0,270.0,23.51,21.11,0.1029,0.95,1.0,0.776,0,4043
2026-10-06T16:31:15.%f+00:00,IG_016a417a52,errors,1.6,11,Do Nothing,Rollback,0.0741,0.0,1.0,20.76,21.0,0.076,0.95,1.0,12,0,280.0,21.15,22.08,0.1459,0.95,1.0,0.792,0,106
2026-10-06T16:31:27.%f+00:00,IG_016a417a52,errors,1.6,11,Scale Out,Rollback,0.0741,0.0,1.0,20.76,21.0,0.076,0.95,1.0,12,0,280.0,17.89,22.09,0.1184,0.95,1.0,0.756,0,11174
2026-10-06T16:31:31.%f+00:00,IG_016a417a52,errors,1.6,11,Restart Service,Rollback,0.0741,0.0,1.0,20.76,21.0,0.076,0.95,1.0,12,0,280.0,18.14,19.38,0.1255,0.95,1.0,0.834,0,3500
2026-10-06T16:31:37.%f+00:00,IG_016a417a52,errors,1.6,11,Rollback,Rollback,0.0741,0.0,1.0,20.76,21.0,0.076,0.95,1.0,12,0,280.0,7.01,14.48,0.0755,0.0,1.0,0.999,1,4639
2026-10-06T16:31:41.%f+00:00,IG_016a417a52,errors,1.6,11,Restart Dependency,Rollback,0.0741,0.0,1.0,20.76,21.0,0.076,0.95,1.0,12,0,280.0,5.18,13.93,0.0791,0.0,1.0,0.988,1,3650
2026-10-06T16:31:44.%f+00:00,IG_011424ca6e,errors,1.7000000000000002,12,Do Nothing,Rollback,0.0341,0.0,1.0,24.44,18.23,0.0426,0.95,1.0,14,0,290.0,26.39,17.54,0.0507,0.95,1.0,0.896,0,165
2026-10-06T16:31:56.%f+00:00,IG_011424ca6e,errors,1.7000000000000002,12,Scale Out,Rollback,0.0341,0.0,1.0,24.44,18.23,0.0426,0.95,1.0,14,0,290.0,25.62,17.87,0.0743,0.95,1.0,0.77,0,11041
2026-10-06T16:32:03.%f+00:00,IG_011424ca6e,errors,1.7000000000000002,12,Restart Service,Rollback,0.0341,0.0,1.0,24.44,18.23,0.0426,0.95,1.0,14,0,290.0,7.94,12.61,0.0345,0.0,1.0,0.993,1,6384
2026-10-06T16:32:12.%f+00:00,IG_011424ca6e,errors,1.7000000000000002,12,Rollback,Rollback,0.0341,0.0,1.0,24.44,18.23,0.0426,0.95,1.0,14,0,290.0,5.65,12.0,0.047,0.0,1.0,0.991,1,7984
2026-10-06T16:32:17.%f+00:00,IG_011424ca6e,errors,1.7000000000000002,12,Restart Dependency,Rollback,0.0341,0.0,1.0,24.44,18.23,0.0426,0.95,1.0,14,0,290.0,23.77,19.09,0.0852,0.95,1.0,0.807,0,4923
2026-10-06T16:32:20.%f+00:00,IG_00d25ae292,errors,1.8,13,Do Nothing,Rollback,0.0531,0.0,1.0,27.63,18.5,0.0483,0.95,1.0,10,0,300.0,24.12,19.3,0.0751,0.95,1.0,0.898,0,136
2026-10-06T16:32:29.%f+00:00,IG_00d25ae292,errors,1.8,13,Scale Out,Rollback,0.0531,0.0,1.0,27.63,18.5,0.0483,0.95,1.0,10,0,300.0,27.89,17.78,0.0994,0.95,1.0,0.783,0,8773
2026-10-06T16:32:35.%f+00:00,IG_00d25ae292,errors,1.8,13,Restart Service,Rollback,0.0531,0.0,1.0,27.63,18.5,0.0483,0.95,1.0,10,0,300.0,29.7,18.57,0.0938,0.95,1.0,0.853,0,4848
2026-10-06T16:32:41.%f+00:00,IG_00d25ae292,errors,1.8,13,Rollback,Rollback,0.0531,0.0,1.0,27.63,18.5,0.0483,0.95,1.0,10,0,300.0,6.62,12.0,0.0615,0.0,1.0,0.985,1,5558
2026-10-06T16:32:48.%f+00:00,IG_00d25ae292,errors,1.8,13,Restart Dependency,Rollback,0.0531,0.0,1.0,27.63,18.5,0.0483,0.95,1.0,10,0,300.0,23.88,18.48,0.1006,0.95,1.0,0.875,0,5334
2026-10-06T16:32:50.%f+00:00,IG_0246ddf2b0,errors,1.9000000000000001,14,Do Nothing,Rollback,0.0408,0.0,1.0,26.92,16.66,0.0441,0.95,1.0,12,0,310.0,25.32,18.03,0.0907,0.95,1.0,0.784,0,107
2026-10-06T16:33:01.%f+00:00,IG_0246ddf2b0,errors,1.9000000000000001,14,Scale Out,Rollback,0.0408,0.0,1.0,26.92,16.66,0.0441,0.95,1.0,12,0,310.0,7.07,12.0,0.0524,0.0,1.0,0.984,1,10209
2026-10-06T16:33:06.%f+00:00,IG_0246ddf2b0,errors,1.9000000000000001,14,Restart Service,Rollback,0.0408,0.0,1.0,26.92,16.66,0.0441,0.95,1.0,12,0,310.0,23.68,15.98,0.0955,0.95,1.0,0.837,0,4357
2026-10-06T16:33:13.%f+00:00,IG_0246ddf2b0,errors,1.9000000000000001,14,Rollback,Rollback,0.0408,0.0,1.0,26.92,16.66,0.0441,0.95,1.0,12,0,310.0,5.0,12.0,0.043,0.0,1.0,0.992,1,5952
2026-10-06T16:33:18.%f+00:00,IG_0246ddf2b0,errors,1.9000000000000001,14,Restart Dependency,Rollback,0.0408,0.0,1.0,26.92,16.66,0.0441,0.95,1.0,12,0,310.0,28.01,17.53,0.075,0.95,1.0,0.905,0,3712
2026-10-06T16:33:20.%f+00:00,IG_01439072ce,errors,2.0,15,Do Nothing,Rollback,0.0349,0.0,1.0,27.75,13.65,0.0318,0.95,1.0,13,0,320.0,27.22,13.21,0.0666,0.95,1.0,0.812,0,130
2026-10-06T16:33:34.%f+00:00,IG_01439072ce,errors,2.0,15,Scale Out,Rollback,0.0349,0.0,1.0,27.75,13.65,0.0318,0.95,1.0,13,0,320.0,5.75,12.0,0.0458,0.0,1.0,0.992,1,12922
2026-10-06T16:33:40.%f+00:00,IG_01439072ce,errors,2.0,15,Restart Service,Rollback,0.0349,0.0,1.0,27.75,13.65,0.0318,0.95,1.0,13,0,320.0,6.6,12.0,0.0426,0.0,1.0,0.981,1,5472
2026-10-06T16:33:46.%f+00:00,IG_01439072ce,errors,2.0,15,Rollback,Rollback,0.0349,0.0,1.0,27.75,13.65,0.0318,0.95,1.0,13,0,320.0,7.47,12.0,0.0448,0.0,1.0,0.997,1,4851
2026-10-06T16:33:52.%f+00:00,IG_01439072ce,errors,2.0,15,Restart Dependency,Rollback,0.0349,0.0,1.0,27.75,13.65,0.0318,0.95,1.0,13,0,320.0,25.9,12.6,0.0593,0.95,1.0,0.753,0,5449
2026-10-06T16:33:54.%f+00:00,IG_00f5fd72f1,errors,2.1,16,Do Nothing,Rollback,0.0439,0.0,1.0,27.73,22.82,0.0556,0.95,1.0,14,0,330.0,30.95,21.18,0.0922,0.95,1.0,0.879,0,115
2026-10-06T16:34:06.%f+00:00,IG_00f5fd72f1,errors,2.1,16,Scale Out,Rollback,0.0439,0.0,1.0,27.73,22.82,0.0556,0.95,1.0,14,0,330.0,26.0,21.58,0.1199,0.95,1.0,0.875,0,10840
2026-10-06T16:34:13.%f+00:00,IG_00f5fd72f1,errors,2.1,16,Restart Service,Rollback,0.0439,0.0,1.0,27.73,22.82,0.0556,0.95,1.0,14,0,330.0,5.0,14.51,0.0548,0.0,1.0,0.991,1,6240
2026-10-06T16:34:21.%f+00:00,IG_00f5fd72f1,errors,2.1,16,Rollback,Rollback,0.0439,0.0,1.0,27.73,22.82,0.0556,0.95,1.0,14,0,330.0,6.1,13.76,0.0532,0.0,1.0,0.982,1,6863
2026-10-06T16:34:27.%f+00:00,IG_00f5fd72f1,errors,2.1,16,Restart Dependency,Rollback,0.0439,0.0,1.0,27.73,22.82,0.0556,0.95,1.0,14,0,330.0,27.1,21.09,0.0911,0.95,1.0,0.833,0,5162
2026-10-06T16:34:29.%f+00:00,IG_0050632f13,errors,2.2,17,Do Nothing,Rollback,0.0446,0.0,1.0,27.07,13.73,0.0469,0.95,1.0,8,0,340.0,27.92,14.32,0.0555,0.95,1.0,0.856,0,106
2026-10-06T16:34:41.%f+00:00,IG_0050632f13,errors,2.2,17,Scale Out,Rollback,0.0446,0.0,1.0,27.07,13.73,0.0469,0.95,1.0,8,0,340.0,29.79,14.84,0.0746,0.95,1.0,0.918,0,10783
2026-10-06T16:34:48.%f+00:00,IG_0050632f13,errors,2.2,17,Restart Service,Rollback,0.0446,0.0,1.0,27.07,13.73,0.0469,0.95,1.0,8,0,340.0,5.08,12.0,0.0564,0.0,1.0,0.989,1,6197
2026-10-06T16:34:56.%f+00:00,IG_0050632f13,errors,2.2,17,Rollback,Rollback,0.0446,0.0,1.0,27.07,13.73,0.0469,0.95,1.0,8,0,340.0,5.0,12.0,0.058,0.0,1.0,0.988,1,7324
2026-10-06T16:35:00.%f+00:00,IG_0050632f13,errors,2.2,17,Restart Dependency,Rollback,0.0446,0.0,1.0,27.07,13.73,0.0469,0.95,1.0,8,0,340.0,25.76,13.66,0.0568,0.95,1.0,0.909,0,3110
2026-10-06T16:35:02.%f+00:00,IG_020d177734,errors,2.3,18,Do Nothing,Rollback,0.0579,0.0,1.0,27.31,21.08,0.0688,0.95,1.0,11,0,350.0,24.51,19.19,0.0967,0.95,1.0,0.886,0,145
2026-10-06T16:35:16.%f+00:00,IG_020d177734,errors,2.3,18,Scale Out,Rollback,0.0579,0.0,1.0,27.31,21.08,0.0688,0.95,1.0,11,0,350.0,5.0,12.0,0.0756,0.0,1.0,0.989,1,12682
2026-10-06T16:35:20.%f+00:00,IG_020d177734,errors,2.3,18,Restart Service,Rollback,0.0579,0.0,1.0,27.31,21.08,0.0688,0.95,1.0,11,0,350.0,29.09,22.87,0.1442,0.95,1.0,0.857,0,3770
2026-10-06T16:35:26.%f+00:00,IG_020d177734,errors,2.3,18,Rollback,Rollback,0.0579,0.0,1.0,27.31,21.08,0.0688,0.95,1.0,11,0,350.0,30.74,21.67,0.093,0.95,1.0,0.771,0,4588
2026-10-06T16:35:31.%f+00:00,IG_020d177734,errors,2.3,18,Restart Dependency,Rollback,0.0579,0.0,1.0,27.31,21.08,0.0688,0.95,1.0,11,0,350.0,25.76,22.1,0.0856,0.95,1.0,0.754,0,4761
2026-10-06T16:35:34.%f+00:00,IG_00487f7b54,errors,2.4000000000000004,19,Do Nothing,Rollback,0.0658,0.0,1.0,35.48,17.26,0.0832,0.95,1.0,9,0,360.0,40.8,18.98,0.1589,0.95,1.0,0.893,0,135
2026-10-06T16:35:44.%f+00:00,IG_00487f7b54,errors,2.4000000000000004,19,Scale Out,Rollback,0.0658,0.0,1.0,35.48,17.26,0.0832,0.95,1.0,9,0,360.0,35.28,18.57,0.1375,0.95,1.0,0.849,0,9505
2026-10-06T16:35:49.%f+00:00,IG_00487f7b54,errors,2.4000000000000004,19,Restart Service,Rollback,0.0658,0.0,1.0,35.48,17.26,0.0832,0.95,1.0,9,0,360.0,38.49,16.72,0.1039,0.95,1.0,0.754,0,4023
2026-10-06T16:35:55.%f+00:00,IG_00487f7b54,errors,2.4000000000000004,19,Rollback,Rollback,0.0658,0.0,1.0,35.48,17.26,0.0832,0.95,1.0,9,0,360.0,30.6,17.02,0.0934,0.95,1.0,0.764,0,5011
2026-10-06T16:35:59.%f+00:00,IG_00487f7b54,errors,2.4000000000000004,19,Restart Dependency,Rollback,0.0658,0.0,1.0,35.48,17.26,0.0832,0.95,1.0,9,0,360.0,33.68,16.48,0.1309,0.95,1.0,0.89,0,3895
2026-10-06T16:36:02.%f+00:00,IG_0008574370,errors,2.5,20,Do Nothing,Rollback,0.0478,0.0,1.0,30.43,18.55,0.0575,0.95,1.0,9,0,370.0,29.22,17.53,0.1244,0.95,1.0,0.794,0,87
2026-10-06T16:36:13.%f+00:00,IG_0008574370,errors,2.5,20,Scale Out,Rollback,0.0478,0.0,1.0,30.43,18.55,0.0575,0.95,1.0,9,0,370.0,30.16,17.17,0.1204,0.95,1.0,0.901,0,10393
2026-10-06T16:36:20.%f+00:00,IG_0008574370,errors,2.5,20,Restart Service,Rollback,0.0478,0.0,1.0,30.43,18.55,0.0575,0.95,1.0,9,0,370.0,34.14,16.79,0.1219,0.95,1.0,0.852,0,6250
2026-10-06T16:36:26.%f+00:00,IG_0008574370,errors,2.5,20,Rollback,Rollback,0.0478,0.0,1.0,30.43,18.55,0.0575,0.95,1.0,9,0,370.0,10.34,12.0,0.0518,0.0,1.0,0.994,1,5445
2026-10-06T16:36:30.%f+00:00,IG_0008574370,errors,2.5,20,Restart Dependency,Rollback,0.0478,0.0,1.0,30.43,18.55,0.0575,0.95,1.0,9,0,370.0,31.98,19.59,0.1109,0.95,1.0,0.798,0,2934
2026-10-06T16:36:32.%f+00:00,IG_012622bb8f,errors,2.6,21,Do Nothing,Rollback,0.0675,0.0,1.0,36.22,23.09,0.0855,0.95,1.0,12,0,380.0,38.43,23.22,0.143,0.95,1.0,0.863,0,86
2026-10-06T16:36:43.%f+00:00,IG_012622bb8f,errors,2.6,21,Scale Out,Rollback,0.0675,0.0,1.0,36.22,23.09,0.0855,0.95,1.0,12,0,380.0,40.13,23.79,0.1644,0.95,1.0,0.859,0,9462
2026-10-06T16:36:49.%f+00:00,IG_012622bb8f,errors,2.6,21,Restart Service,Rollback,0.0675,0.0,1.0,36.22,23.09,0.0855,0.95,1.0,12,0,380.0,11.45,14.11,0.0936,0.0,1.0,0.98,1,5561
2026-10-06T16:36:58.%f+00:00,IG_012622bb8f,errors,2.6,21,Rollback,Rollback,0.0675,0.0,1.0,36.22,23.09,0.0855,0.95,1.0,12,0,380.0,11.14,15.18,0.0743,0.0,1.0,0.996,1,7896
2026-10-06T16:37:03.%f+00:00,IG_012622bb8f,errors,2.6,21,Restart Dependency,Rollback,0.0675,0.0,1.0,36.22,23.09,0.0855,0.95,1.0,12,0,380.0,33.19,22.1,0.157,0.95,1.0,0.827,0,4711
2026-10-06T16:37:06.%f+00:00,IG_00a5221fb0,errors,2.7,22,Do Nothing,Rollback,0.0727,0.0,1.0,35.63,14.04,0.0708,0.95,1.0,10,0,390.0,37.93,12.77,0.1101,0.95,1.0,0.861,0,126
2026-10-06T16:37:17.%f+00:00,IG_00a5221fb0,errors,2.7,22,Scale Out,Rollback,0.0727,0.0,1.0,35.63,14.04,0.0708,0.95,1.0,10,0,390.0,33.53,14.22,0.1117,0.95,1.0,0.797,0,10091
2026-10-06T16:37:22.%f+00:00,IG_00a5221fb0,errors,2.7,22,Restart Service,Rollback,0.0727,0.0,1.0,35.63,14.04,0.0708,0.95,1.0,10,0,390.0,34.12,14.74,0.1451,0.95,1.0,0.912,0,5086
2026-10-06T16:37:29.%f+00:00,IG_00a5221fb0,errors,2.7,22,Rollback,Rollback,0.0727,0.0,1.0,35.63,14.04,0.0708,0.95,1.0,10,0,390.0,5.52,12.0,0.0766,0.0,1.0,0.982,1,6197
2026-10-06T16:37:35.%f+00:00,IG_00a5221fb0,errors,2.7,22,Restart Dependency,Rollback,0.0727,0.0,1.0,35.63,14.04,0.0708,0.95,1.0,10,0,390.0,35.31,15.43,0.1228,0.95,1.0,0.768,0,4703
2026-10-06T16:37:37.%f+00:00,IG_01121b0bd0,errors,2.8000000000000003,23,Do Nothing,Rollback,0.0517,0.0,1.0,36.0,14.2,0.063,0.95,1.0,9,0,400.0,36.54,13.78,0.0954,0.95,1.0,0.794,0,157
2026-10-06T16:37:49.%f+00:00,IG_01121b0bd0,errors,2.8000000000000003,23,Scale Out,Rollback,0.0517,0.0,1.0,36.0,14.2,0.063,0.95,1.0,9,0,400.0,41.02,14.05,0.0874,0.95,1.0,0.775,0,10766
2026-10-06T16:37:54.%f+00:00,IG_01121b0bd0,errors,2.8000000000000003,23,Restart Service,Rollback,0.0517,0.0,1.0,36.0,14.2,0.063,0.95,1.0,9,0,400.0,32.73,15.36,0.1347,0.95,1.0,0.905,0,4328
2026-10-06T16:38:02.%f+00:00,IG_01121b0bd0,errors,2.8000000000000003,23,Rollback,Rollback,0.0517,0.0,1.0,36.0,14.2,0.063,0.95,1.0,9,0,400.0,35.08,14.78,0.1287,0.95,1.0,0.841,0,6660
2026-10-06T16:38:07.%f+00:00,IG_01121b0bd0,errors,2.8000000000000003,23,Restart Dependency,Rollback,0.0517,0.0,1.0,36.0,14.2,0.063,0.95,1.0,9,0,400.0,37.8,14.71,0.1327,0.95,1.0,0.879,0,4141
2026-10-06T16:38:09.%f+00:00,IG_01db348fef,errors,2.9000000000000004,24,Do Nothing,Rollback,0.0473,0.0,1.0,36.37,24.31,0.0607,0.95,1.0,11,0,410.0,32.95,25.41,0.1012,0.95,1.0,0.891,0,133
2026-10-06T16:38:21.%f+00:00,IG_01db348fef,errors,2.9000000000000004,24,Scale Out,Rollback,0.0473,0.0,1.0,36.37,24.31,0.0607,0.95,1.0,11,0,410.0,37.31,24.08,0.1335,0.95,1.0,0.795,0,11152
2026-10-06T16:38:26.%f+00:00,IG_01db348fef,errors,2.9000000000000004,24,Restart Service,Rollback,0.0473,0.0,1.0,36.37,24.31,0.0607,0.95,1.0,11,0,410.0,39.57,23.77,0.085,0.95,1.0,0.793,0,4667
2026-10-06T16:38:34.%f+00:00,IG_01db348fef,errors,2.9000000000000004,24,Rollback,Rollback,0.0473,0.0,1.0,36.37,24.31,0.0607,0.95,1.0,11,0,410.0,7.83,15.38,0.0478,0.0,1.0,0.99,1,7069
2026-10-06T16:38:39.%f+00:00,IG_01db348fef,errors,2.9000000000000004,24,Restart Dependency,Rollback,0.0473,0.0,1.0,36.37,24.31,0.0607,0.95,1.0,11,0,410.0,35.69,22.71,0.1276,0.95,1.0,0.79,0,3458
2026-10-06T16:38:41.%f+00:00,IG_008066ec0f,errors,3.0,25,Do Nothing,Rollback,0.0612,0.0,1.0,41.06,23.57,0.0626,0.95,1.0,10,0,420.0,36.26,25.92,0.095,0.95,1.0,0.793,0,123
2026-10-06T16:38:54.%f+00:00,IG_008066ec0f,errors,3.0,25,Scale Out,Rollback,0.0612,0.0,1.0,41.06,23.57,0.0626,0.95,1.0,10,0,420.0,46.2,23.19,0.1274,0.95,1.0,0.759,0,12696
2026-10-06T16:39:01.%f+00:00,IG_008066ec0f,errors,3.0,25,Restart Service,Rollback,0.0612,0.0,1.0,41.06,23.57,0.0626,0.95,1.0,10,0,420.0,37.26,23.58,0.0708,0.95,1.0,0.845,0,5398
2026-10-06T16:39:09.%f+00:00,IG_008066ec0f,errors,3.0,25,Rollback,Rollback,0.0612,0.0,1.0,41.06,23.57,0.0626,0.95,1.0,10,0,420.0,7.48,13.75,0.0635,0.0,1.0,0.985,1,7353
2026-10-06T16:39:12.%f+00:00,IG_008066ec0f,errors,3.0,25,Restart Dependency,Rollback,0.0612,0.0,1.0,41.06,23.57,0.0626,0.95,1.0,10,0,420.0,45.29,21.66,0.0689,0.95,1.0,0.912,0,2577
2026-10-06T16:39:15.%f+00:00,IG_020b07b431,errors,3.1,26,Do Nothing,Rollback,0.0752,0.0,1.0,38.61,23.42,0.092,0.95,1.0,10,0,430.0,39.68,25.11,0.174,0.95,1.0,0.795,0,170
2026-10-06T16:39:28.%f+00:00,IG_020b07b431,errors,3.1,26,Scale Out,Rollback,0.0752,0.0,1.0,38.61,23.42,0.092,0.95,1.0,10,0,430.0,42.34,22.01,0.1133,0.95,1.0,0.898,0,12735
2026-10-06T16:39:35.%f+00:00,IG_020b07b431,errors,3.1,26,Restart Service,Rollback,0.0752,0.0,1.0,38.61,23.42,0.092,0.95,1.0,10,0,430.0,37.83,24.37,0.168,0.95,1.0,0.863,0,6088
2026-10-06T16:39:43.%f+00:00,IG_020b07b431,errors,3.1,26,Rollback,Rollback,0.0752,0.0,1.0,38.61,23.42,0.092,0.95,1.0,10,0,430.0,42.49,24.22,0.1539,0.95,1.0,0.816,0,7235
2026-10-06T16:39:47.%f+00:00,IG_020b07b431,errors,3.1,26,Restart Dependency,Rollback,0.0752,0.0,1.0,38.61,23.42,0.092,0.95,1.0,10,0,430.0,33.7,21.75,0.147,0.95,1.0,0.797,0,3394
2026-10-06T16:39:50.%f+00:00,IG_0241249c54,errors,3.2,27,Do Nothing,Rollback,0.0378,0.0,1.0,36.53,14.59,0.038,0.95,1.0,11,0,440.0,39.69,14.93,0.075,0.95,1.0,0.765,0,145
2026-10-06T16:40:01.%f+00:00,IG_0241249c54,errors,3.2,27,Scale Out,Rollback,0.0378,0.0,1.0,36.53,14.59,0.038,0.95,1.0,11,0,440.0,11.67,12.0,0.0492,0.0,1.0,0.981,1,10304
2026-10-06T16:40:07.%f+00:00,IG_0241249c54,errors,3.2,27,Restart Service,Rollback,0.0378,0.0,1.0,36.53,14.59,0.038,0.95,1.0,11,0,440.0,38.61,13.37,0.0575,0.95,1.0,0.897,0,5062
2026-10-06T16:40:13.%f+00:00,IG_0241249c54,errors,3.2,27,Rollback,Rollback,0.0378,0.0,1.0,36.53,14.59,0.038,0.95,1.0,11,0,440.0,32.32,15.08,0.0427,0.95,1.0,0.91,0,5723
2026-10-06T16:40:17.%f+00:00,IG_0241249c54,errors,3.2,27,Restart Dependency,Rollback,0.0378,0.0,1.0,36.53,14.59,0.038,0.95,1.0,11,0,440.0,37.04,15.29,0.0496,0.95,1.0,0.781,0,3343
2026-10-06T16:40:20.%f+00:00,IG_01dd965072,errors,3.3000000000000003,28,Do Nothing,Rollback,0.0766,0.0,1.0,40.95,18.15,0.0811,0.95,1.0,11,0,450.0,38.39,17.41,0.1283,0.95,1.0,0.843,0,130
2026-10-06T16:40:32.%f+00:00,IG_01dd965072,errors,3.3000000000000003,28,Scale Out,Rollback,0.0766,0.0,1.0,40.95,18.15,0.0811,0.95,1.0,11,0,450.0,35.08,19.1,0.1534,0.95,1.0,0.812,0,10890
2026-10-06T16:40:38.%f+00:00,IG_01dd965072,errors,3.3000000000000003,28,Restart Service,Rollback,0.0766,0.0,1.0,40.95,18.15,0.0811,0.95,1.0,11,0,450.0,40.6,19.81,0.1121,0.95,1.0,0.791,0,5890
2026-10-06T16:40:47.%f+00:00,IG_01dd965072,errors,3.3000000000000003,28,Rollback,Rollback,0.0766,0.0,1.0,40.95,18.15,0.0811,0.95,1.0,11,0,450.0,9.27,12.0,0.0956,0.0,1.0,0.989,1,7450
2026-10-06T16:40:51.%f+00:00,IG_01dd965072,errors,3.3000000000000003,28,Restart Dependency,Rollback,0.0766,0.0,1.0,40.95,18.15,0.0811,0.95,1.0,11,0,450.0,36.08,16.56,0.1053,0.95,1.0,0.882,0,3594
2026-10-06T16:40:53.%f+00:00,IG_01e07b0894,errors,3.4000000000000004,29,Do Nothing,Rollback,0.0707,0.0,1.0,45.82,18.02,0.0651,0.95,1.0,15,0,460.0,43.79,16.64,0.0983,0.95,1.0,0.823,0,141
2026-10-06T16:41:03.%f+00:00,IG_01e07b0894,errors,3.4000000000000004,29,Scale Out,Rollback,0.0707,0.0,1.0,45.82,18.02,0.0651,0.95,1.0,15,0,460.0,42.7,18.44,0.1305,0.95,1.0,0.854,0,8519
2026-10-06T16:41:07.%f+00:00,IG_01e07b0894,errors,3.4000000000000004,29,Restart Service,Rollback,0.0707,0.0,1.0,45.82,18.02,0.0651,0.95,1.0,15,0,460.0,11.07,12.0,0.0842,0.0,1.0,0.986,1,3545
2026-10-06T16:41:15.%f+00:00,IG_01e07b0894,errors,3.4000000000000004,29,Rollback,Rollback,0.0707,0.0,1.0,45.82,18.02,0.0651,0.95,1.0,15,0,460.0,44.76,19.63,0.1133,0.95,1.0,0.88,0,7495
2026-10-06T16:41:19.%f+00:00,IG_01e07b0894,errors,3.4000000000000004,29,Restart Dependency,Rollback,0.0707,0.0,1.0,45.82,18.02,0.0651,0.95,1.0,15,0,460.0,48.22,18.99,0.0847,0.95,1.0,0.898,0,2831
2026-10-06T16:41:22.%f+00:00,IG_01733dc0b0,errors,3.5,30,Do Nothing,Rollback,0.0319,0.0,1.0,39.03,22.98,0.0313,0.95,1.0,14,0,470.0,39.67,21.84,0.0389,0.95,1.0,0.859,0,146
2026-10-06T16:41:32.%f+00:00,IG_01733dc0b0,errors,3.5,30,Scale Out,Rollback,0.0319,0.0,1.0,39.03,22.98,0.0313,0.95,1.0,14,0,470.0,36.48,22.01,0.0544,0.95,1.0,0.818,0,9995
2026-10-06T16:41:39.%f+00:00,IG_01733dc0b0,errors,3.5,30,Restart Service,Rollback,0.0319,0.0,1.0,39.03,22.98,0.0313,0.95,1.0,14,0,470.0,12.07,15.95,0.0402,0.0,1.0,0.994,1,6023
2026-10-06T16:41:46.%f+00:00,IG_01733dc0b0,errors,3.5,30,Rollback,Rollback,0.0319,0.0,1.0,39.03,22.98,0.0313,0.95,1.0,14,0,470.0,13.46,12.0,0.0335,0.0,1.0,1.0,1,5840
2026-10-06T16:41:49.%f+00:00,IG_01733dc0b0,errors,3.5,30,Restart Dependency,Rollback,0.0319,0.0,1.0,39.03,22.98,0.0313,0.95,1.0,14,0,470.0,38.21,24.23,0.0351,0.95,1.0,0.811,0,2867
2026-10-06T16:41:52.%f+00:00,IG_020bccfcce,errors,3.6,31,Do Nothing,Rollback,0.0514,0.0,1.0,45.21,20.9,0.0524,0.95,1.0,9,0,480.0,39.99,20.33,0.0976,0.95,1.0,0.774,0,180
2026-10-06T16:42:02.%f+00:00,IG_020bccfcce,errors,3.6,31,Scale Out,Rollback,0.0514,0.0,1.0,45.21,20.9,0.0524,0.95,1.0,9,0,480.0,38.91,20.06,0.0766,0.95,1.0,0.84,0,9361
2026-10-06T16:42:07.%f+00:00,IG_020bccfcce,errors,3.6,31,Restart Service,Rollback,0.0514,0.0,1.0,45.21,20.9,0.0524,0.95,1.0,9,0,480.0,15.01,13.04,0.0521,0.0,1.0,0.991,1,3933
2026-10-06T16:42:14.%f+00:00,IG_020bccfcce,errors,3.6,31,Rollback,Rollback,0.0514,0.0,1.0,45.21,20.9,0.0524,0.95,1.0,9,0,480.0,12.96,13.1,0.069,0.0,1.0,0.995,1,6028
2026-10-06T16:42:20.%f+00:00,IG_020bccfcce,errors,3.6,31,Restart Dependency,Rollback,0.0514,0.0,1.0,45.21,20.9,0.0524,0.95,1.0,9,0,480.0,43.4,19.76,0.0807,0.95,1.0,0.864,0,5022
2026-10-06T16:42:22.%f+00:00,IG_00c3afb4ec,errors,3.7,32,Do Nothing,Rollback,0.0676,0.0,1.0,48.56,12.61,0.075,0.95,1.0,10,0,490.0,44.78,12.43,0.1538,0.95,1.0,0.885,0,162
2026-10-06T16:42:32.%f+00:00,IG_00c3afb4ec,errors,3.7,32,Scale Out,Rollback,0.0676,0.0,1.0,48.56,12.61,0.075,0.95,1.0,10,0,490.0,43.19,13.84,0.1147,0.95,1.0,0.828,0,9101
2026-10-06T16:42:36.%f+00:00,IG_00c3afb4ec,errors,3.7,32,Restart Service,Rollback,0.0676,0.0,1.0,48.56,12.61,0.075,0.95,1.0,10,0,490.0,11.15,12.0,0.0901,0.0,1.0,0.985,1,3507
2026-10-06T16:42:45.%f+00:00,IG_00c3afb4ec,errors,3.7,32,Rollback,Rollback,0.0676,0.0,1.0,48.56,12.61,0.075,0.95,1.0,10,0,490.0,15.25,12.0,0.0811,0.0,1.0,0.993,1,7673
2026-10-06T16:42:48.%f+00:00,IG_00c3afb4ec,errors,3.7,32,Restart Dependency,Rollback,0.0676,0.0,1.0,48.56,12.61,0.075,0.95,1.0,10,0,490.0,53.46,13.52,0.0832,0.95,1.0,0.887,0,2763
2026-10-06T16:42:51.%f+00:00,IG_018c02f909,errors,3.8000000000000003,33,Do Nothing,Rollback,0.0445,0.0,1.0,43.04,18.81,0.0545,0.95,1.0,15,0,500.0,41.6,18.91,0.0792,0.95,1.0,0.809,0,147
2026-10-06T16:43:03.%f+00:00,IG_018c02f909,errors,3.8000000000000003,33,Scale Out,Rollback,0.0445,0.0,1.0,43.04,18.81,0.0545,0.95,1.0,15,0,500.0,41.13,20.29,0.1121,0.95,1.0,0.792,0,11718
2026-10-06T16:43:08.%f+00:00,IG_018c02f909,errors,3.8000000000000003,33,Restart Service,Rollback,0.0445,0.0,1.0,43.04,18.81,0.0545,0.95,1.0,15,0,500.0,8.5,12.0,0.0463,0.0,1.0,0.981,1,3732
2026-10-06T16:43:13.%f+00:00,IG_018c02f909,errors,3.8000000000000003,33,Rollback,Rollback,0.0445,0.0,1.0,43.04,18.81,0.0545,0.95,1.0,15,0,500.0,7.51,12.0,0.0569,0.0,1.0,0.988,1,4709
2026-10-06T16:43:19.%f+00:00,IG_018c02f909,errors,3.8000000000000003,33,Restart Dependency,Rollback,0.0445,0.0,1.0,43.04,18.81,0.0545,0.95,1.0,15,0,500.0,43.77,17.95,0.0823,0.95,1.0,0.913,0,4471
2026-10-06T16:43:21.%f+00:00,IG_01e86e3d27,errors,3.9000000000000004,34,Do Nothing,Rollback,0.0693,0.0,1.0,47.01,16.68,0.0811,0.95,1.0,13,0,510.0,47.34,17.55,0.1327,0.95,1.0,0.759,0,168
2026-10-06T16:43:33.%f+00:00,IG_01e86e3d27,errors,3.9000000000000004,34,Scale Out,Rollback,0.0693,0.0,1.0,47.01,16.68,0.0811,0.95,1.0,13,0,510.0,45.54,17.91,0.1236,0.95,1.0,0.767,0,10899
2026-10-06T16:43:40.%f+00:00,IG_01e86e3d27,errors,3.9000000000000004,34,Restart Service,Rollback,0.0693,0.0,1.0,47.01,16.68,0.0811,0.95,1.0,13,0,510.0,45.29,15.29,0.1178,0.95,1.0,0.828,0,6006
2026-10-06T16:43:48.%f+00:00,IG_01e86e3d27,errors,3.9000000000000004,34,Rollback,Rollback,0.0693,0.0,1.0,47.01,16.68,0.0811,0.95,1.0,13,0,510.0,12.53,12.0,0.0723,0.0,1.0,0.983,1,7652
2026-10-06T16:43:52.%f+00:00,IG_01e86e3d27,errors,3.9000000000000004,34,Restart Dependency,Rollback,0.0693,0.0,1.0,47.01,16.68,0.0811,0.95,1.0,13,0,510.0,9.5,12.0,0.0762,0.0,1.0,0.982,1,3385
2026-10-06T16:43:55.%f+00:00,IG_0038496549,errors,4.0,35,Do Nothing,Rollback,0.0321,0.0,1.0,48.91,24.67,0.0358,0.95,1.0,13,0,520.0,51.18,26.34,0.045,0.95,1.0,0.858,0,88
2026-10-06T16:44:04.%f+00:00,IG_0038496549,errors,4.0,35,Scale Out,Rollback,0.0321,0.0,1.0,48.91,24.67,0.0358,0.95,1.0,13,0,520.0,46.16,26.29,0.0604,0.95,1.0,0.881,0,8605
2026-10-06T16:44:09.%f+00:00,IG_0038496549,errors,4.0,35,Restart Service,Rollback,0.0321,0.0,1.0,48.91,24.67,0.0358,0.95,1.0,13,0,520.0,54.7,23.49,0.0582,0.95,1.0,0.769,0,4298
2026-10-06T16:44:15.%f+00:00,IG_0038496549,errors,4.0,35,Rollback,Rollback,0.0321,0.0,1.0,48.91,24.67,0.0358,0.95,1.0,13,0,520.0,15.33,12.0,0.0409,0.0,1.0,0.997,1,4787
2026-10-06T16:44:18.%f+00:00,IG_0038496549,errors,4.0,35,Restart Dependency,Rollback,0.0321,0.0,1.0,48.91,24.67,0.0358,0.95,1.0,13,0,520.0,47.95,25.01,0.0692,0.95,1.0,0.777,0,2956
2026-10-06T16:44:21.%f+00:00,IG_01450e0963,errors,4.1,36,Do Nothing,Rollback,0.0563,0.0,1.0,48.64,16.09,0.0622,0.95,1.0,11,0,530.0,43.54,16.51,0.0818,0.95,1.0,0.784,0,123
2026-10-06T16:44:34.%f+00:00,IG_01450e0963,errors,4.1,36,Scale Out,Rollback,0.0563,0.0,1.0,48.64,16.09,0.0622,0.95,1.0,11,0,530.0,49.43,14.55,0.0967,0.95,1.0,0.771,0,12233
2026-10-06T16:44:39.%f+00:00,IG_01450e0963,errors,4.1,36,Restart Service,Rollback,0.0563,0.0,1.0,48.64,16.09,0.0622,0.95,1.0,11,0,530.0,8.58,12.0,0.0661,0.0,1.0,0.991,1,4260
2026-10-06T16:44:46.%f+00:00,IG_01450e0963,errors,4.1,36,Rollback,Rollback,0.0563,0.0,1.0,48.64,16.09,0.0622,0.95,1.0,11,0,530.0,8.2,12.0,0.0575,0.0,1.0,0.989,1,5922
2026-10-06T16:44:51.%f+00:00,IG_01450e0963,errors,4.1,36,Restart Dependency,Rollback,0.0563,0.0,1.0,48.64,16.09,0.0622,0.95,1.0,11,0,530.0,55.25,15.31,0.1093,0.95,1.0,0.9,0,4584
2026-10-06T16:44:54.%f+00:00,IG_01f19ecd84,errors,4.2,37,Do Nothing,Rollback,0.0349,0.0,1.0,47.1,21.73,0.0428,0.95,1.0,10,0,540.0,12.18,12.27,0.0427,0.0,1.0,0.983,1,146
2026-10-06T16:45:05.%f+00:00,IG_01f19ecd84,errors,4.2,37,Scale Out,Rollback,0.0349,0.0,1.0,47.1,21.73,0.0428,0.95,1.0,10,0,540.0,40.44,21.14,0.0785,0.95,1.0,0.857,0,10890
2026-10-06T16:45:12.%f+00:00,IG_01f19ecd84,errors,4.2,37,Restart Service,Rollback,0.0349,0.0,1.0,47.1,21.73,0.0428,0.95,1.0,10,0,540.0,8.63,12.0,0.0428,0.0,1.0,0.993,1,6261
2026-10-06T16:45:21.%f+00:00,IG_01f19ecd84,errors,4.2,37,Rollback,Rollback,0.0349,0.0,1.0,47.1,21.73,0.0428,0.95,1.0,10,0,540.0,51.13,21.22,0.0732,0.95,1.0,0.777,0,7915
2026-10-06T16:45:27.%f+00:00,IG_01f19ecd84,errors,4.2,37,Restart Dependency,Rollback,0.0349,0.0,1.0,47.1,21.73,0.0428,0.95,1.0,10,0,540.0,51.25,19.98,0.0845,0.95,1.0,0.835,0,4883
2026-10-06T16:45:29.%f+00:00,IG_01cf747da8,errors,4.300000000000001,38,Do Nothing,Rollback,0.0715,0.0,1.0,53.3,17.87,0.0888,0.95,1.0,8,0,550.0,60.5,18.98,0.1064,0.95,1.0,0.822,0,97
2026-10-06T16:45:41.%f+00:00,IG_01cf747da8,errors,4.300000000000001,38,Scale Out,Rollback,0.0715,0.0,1.0,53.3,17.87,0.0888,0.95,1.0,8,0,550.0,57.56,18.05,0.1554,0.95,1.0,0.885,0,11329
2026-10-06T16:45:46.%f+00:00,IG_01cf747da8,errors,4.300000000000001,38,Restart Service,Rollback,0.0715,0.0,1.0,53.3,17.87,0.0888,0.95,1.0,8,0,550.0,58.95,19.06,0.1186,0.95,1.0,0.891,0,3663
2026-10-06T16:45:53.%f+00:00,IG_01cf747da8,errors,4.300000000000001,38,Rollback,Rollback,0.0715,0.0,1.0,53.3,17.87,0.0888,0.95,1.0,8,0,550.0,14.58,12.07,0.0718,0.0,1.0,0.991,1,6861
2026-10-06T16:45:57.%f+00:00,IG_01cf747da8,errors,4.300000000000001,38,Restart Dependency,Rollback,0.0715,0.0,1.0,53.3,17.87,0.0888,0.95,1.0,8,0,550.0,52.4,16.9,0.1345,0.95,1.0,0.775,0,3083
2026-10-06T16:46:00.%f+00:00,IG_0076c619c6,errors,4.4,39,Do Nothing,Rollback,0.0746,0.0,1.0,49.06,22.52,0.076,0.95,1.0,14,0,560.0,53.54,24.47,0.1301,0.95,1.0,0.876,0,97
2026-10-06T16:46:12.%f+00:00,IG_0076c619c6,errors,4.4,39,Scale Out,Rollback,0.0746,0.0,1.0,49.06,22.52,0.076,0.95,1.0,14,0,560.0,52.98,21.84,0.1504,0.95,1.0,0.855,0,11928
2026-10-06T16:46:18.%f+00:00,IG_0076c619c6,errors,4.4,39,Restart Service,Rollback,0.0746,0.0,1.0,49.06,22.52,0.076,0.95,1.0,14,0,560.0,54.7,23.21,0.1027,0.95,1.0,0.797,0,5031
2026-10-06T16:46:24.%f+00:00,IG_0076c619c6,errors,4.4,39,Rollback,Rollback,0.0746,0.0,1.0,49.06,22.52,0.076,0.95,1.0,14,0,560.0,8.1,12.0,0.0833,0.0,1.0,0.98,1,4657
2026-10-06T16:46:30.%f+00:00,IG_0076c619c6,errors,4.4,39,Restart Dependency,Rollback,0.0746,0.0,1.0,49.06,22.52,0.076,0.95,1.0,14,0,560.0,55.1,21.05,0.1322,0.95,1.0,0.807,0,5057
2026-10-06T16:46:32.%f+00:00,IG_006fa60de6,dependency,0.5,0,Do Nothing,Restart Dependency,0.0333,0.0,1.0,6.06,19.64,0.0373,0.8035,0.0,13,0,440.3,5.67,19.31,0.0595,0.0,0.0,0.811,0,110
2026-10-06T16:46:46.%f+00:00,IG_006fa60de6,dependency,0.5,0,Scale Out,Restart Dependency,0.0333,0.0,1.0,6.06,19.64,0.0373,0.8035,0.0,13,0,440.3,6.48,20.53,0.0541,0.0,0.0,0.906,0,12623
2026-10-06T16:46:51.%f+00:00,IG_006fa60de6,dependency,0.5,0,Restart Service,Restart Dependency,0.0333,0.0,1.0,6.06,19.64,0.0373,0.8035,0.0,13,0,440.3,5.31,20.98,0.0617,0.0,0.0,0.902,0,5046
2026-10-06T16:46:59.%f+00:00,IG_006fa60de6,dependency,0.5,0,Rollback,Restart Dependency,0.0333,0.0,1.0,6.06,19.64,0.0373,0.8035,0.0,13,0,440.3,6.04,20.23,0.0596,0.0,0.0,0.834,0,6887
2026-10-06T16:47:03.%f+00:00,IG_006fa60de6,dependency,0.5,0,Restart Dependency,Restart Dependency,0.0333,0.0,1.0,6.06,19.64,0.0373,0.8035,0.0,13,0,440.3,5.85,18.2,0.0415,0.12,0.0,0.769,0,2993
2026-10-06T16:47:05.%f+00:00,IG_00a0c9fe08,dependency,0.6,1,Do Nothing,Restart Dependency,0.0753,0.0,1.0,10.34,17.18,0.0952,0.7093,0.0,11,0,421.9,10.96,17.14,0.1505,0.12,0.0,0.858,0,115
2026-10-06T16:47:15.%f+00:00,IG_00a0c9fe08,dependency,0.6,1,Scale Out,Restart Dependency,0.0753,0.0,1.0,10.34,17.18,0.0952,0.7093,0.0,11,0,421.9,10.99,16.53,0.1372,0.0,0.0,0.792,0,9025
2026-10-06T16:47:22.%f+00:00,IG_00a0c9fe08,dependency,0.6,1,Restart Service,Restart Dependency,0.0753,0.0,1.0,10.34,17.18,0.0952,0.7093,0.0,11,0,421.9,11.64,16.92,0.1805,0.0,0.0,0.792,0,6400
2026-10-06T16:47:31.%f+00:00,IG_00a0c9fe08,dependency,0.6,1,Rollback,Restart Dependency,0.0753,0.0,1.0,10.34,17.18,0.0952,0.7093,0.0,11,0,421.9,11.42,15.6,0.1581,0.12,0.0,0.841,0,7763
2026-10-06T16:47:35.%f+00:00,IG_00a0c9fe08,dependency,0.6,1,Restart Dependency,Restart Dependency,0.0753,0.0,1.0,10.34,17.18,0.0952,0.7093,0.0,11,0,421.9,5.0,12.0,0.08,0.0,1.0,0.992,1,3275
2026-10-06T16:47:37.%f+00:00,IG_0158ae1228,dependency,0.7,2,Do Nothing,Restart Dependency,0.0779,0.0,1.0,11.8,20.79,0.072,0.7639,0.0,8,0,430.3,10.74,22.49,0.1221,0.0,0.0,0.883,0,130
2026-10-06T16:47:49.%f+00:00,IG_0158ae1228,dependency,0.7,2,Scale Out,Restart Dependency,0.0779,0.0,1.0,11.8,20.79,0.072,0.7639,0.0,8,0,430.3,11.76,22.66,0.1212,0.0,0.0,0.756,0,11252
2026-10-06T16:47:55.%f+00:00,IG_0158ae1228,dependency,0.7,2,Restart Service,Restart Dependency,0.0779,0.0,1.0,11.8,20.79,0.072,0.7639,0.0,8,0,430.3,11.37,21.41,0.093,0.0,0.0,0.783,0,5095
2026-10-06T16:48:03.%f+00:00,IG_0158ae1228,dependency,0.7,2,Rollback,Restart Dependency,0.0779,0.0,1.0,11.8,20.79,0.072,0.7639,0.0,8,0,430.3,13.02,19.29,0.0971,0.12,0.0,0.871,0,7183
2026-10-06T16:48:09.%f+00:00,IG_0158ae1228,dependency,0.7,2,Restart Dependency,Restart Dependency,0.0779,0.0,1.0,11.8,20.79,0.072,0.7639,0.0,8,0,430.3,5.0,12.49,0.1062,0.0,1.0,0.997,1,5222
2026-10-06T16:48:12.%f+00:00,IG_014f08324a,dependency,0.8,3,Do Nothing,Restart Dependency,0.0426,0.0,1.0,10.44,15.17,0.0509,0.6485,0.0,10,0,446.0,11.52,16.27,0.087,0.12,0.0,0.802,0,103
2026-10-06T16:48:25.%f+00:00,IG_014f08324a,dependency,0.8,3,Scale Out,Restart Dependency,0.0426,0.0,1.0,10.44,15.17,0.0509,0.6485,0.0,10,0,446.0,9.27,15.43,0.0688,0.12,0.0,0.843,0,12367
2026-10-06T16:48:30.%f+00:00,IG_014f08324a,dependency,0.8,3,Restart Service,Restart Dependency,0.0426,0.0,1.0,10.44,15.17,0.0509,0.6485,0.0,10,0,446.0,11.52,15.42,0.0802,0.12,0.0,0.817,0,4117
2026-10-06T16:48:38.%f+00:00,IG_014f08324a,dependency,0.8,3,Rollback,Restart Dependency,0.0426,0.0,1.0,10.44,15.17,0.0509,0.6485,0.0,10,0,446.0,5.0,12.0,0.0538,0.0,1.0,0.988,1,6797
2026-10-06T16:48:43.%f+00:00,IG_014f08324a,dependency,0.8,3,Restart Dependency,Restart Dependency,0.0426,0.0,1.0,10.44,15.17,0.0509,0.6485,0.0,10,0,446.0,5.0,12.0,0.0591,0.0,1.0,0.986,1,5094
2026-10-06T16:48:46.%f+00:00,IG_01e052ba6c,dependency,0.9,4,Do Nothing,Restart Dependency,0.0733,0.0,1.0,7.21,17.58,0.0725,0.6557,0.0,8,0,392.2,6.26,16.5,0.0837,0.0,0.0,0.819,0,102
2026-10-06T16:48:58.%f+00:00,IG_01e052ba6c,dependency,0.9,4,Scale Out,Restart Dependency,0.0733,0.0,1.0,7.21,17.58,0.0725,0.6557,0.0,8,0,392.2,5.0,12.0,0.098,0.0,1.0,0.981,1,11052
2026-10-06T16:49:05.%f+00:00,IG_01e052ba6c,dependency,0.9,4,Restart Service,Restart Dependency,0.0733,0.0,1.0,7.21,17.58,0.0725,0.6557,0.0,8,0,392.2,6.9,16.31,0.1307,0.0,0.0,0.907,0,6433
2026-10-06T16:49:13.%f+00:00,IG_01e052ba6c,dependency,0.9,4,Rollback,Restart Dependency,0.0733,0.0,1.0,7.21,17.58,0.0725,0.6557,0.0,8,0,392.2,5.0,12.0,0.0788,0.0,1.0,0.987,1,7685
2026-10-06T16:49:18.%f+00:00,IG_01e052ba6c,dependency,0.9,4,Restart Dependency,Restart Dependency,0.0733,0.0,1.0,7.21,17.58,0.0725,0.6557,0.0,8,0,392.2,5.0,12.0,0.0802,0.0,1.0,0.988,1,4204
2026-10-06T16:49:21.%f+00:00,IG_020f48328f,dependency,1.0,5,Do Nothing,Restart Dependency,0.0333,0.0,1.0,10.58,12.33,0.0374,0.6661,0.0,9,0,330.6,9.69,11.78,0.0681,0.12,0.0,0.822,0,81
2026-10-06T16:49:32.%f+00:00,IG_020f48328f,dependency,1.0,5,Scale Out,Restart Dependency,0.0333,0.0,1.0,10.58,12.33,0.0374,0.6661,0.0,9,0,330.6,5.0,12.0,0.0391,0.0,1.0,0.994,1,10647
2026-10-06T16:49:38.%f+00:00,IG_020f48328f,dependency,1.0,5,Restart Service,Restart Dependency,0.0333,0.0,1.0,10.58,12.33,0.0374,0.6661,0.0,9,0,330.6,5.0,12.0,0.0429,0.0,1.0,0.991,1,4886
2026-10-06T16:49:45.%f+00:00,IG_020f48328f,dependency,1.0,5,Rollback,Restart Dependency,0.0333,0.0,1.0,10.58,12.33,0.0374,0.6661,0.0,9,0,330.6,9.32,13.51,0.0521,0.12,0.0,0.813,0,5894
2026-10-06T16:49:49.%f+00:00,IG_020f48328f,dependency,1.0,5,Restart Dependency,Restart Dependency,0.0333,0.0,1.0,10.58,12.33,0.0374,0.6661,0.0,9,0,330.6,10.2,11.69,0.0567,0.12,0.0,0.828,0,3606
2026-10-06T16:49:52.%f+00:00,IG_01bade32ae,dependency,1.1,6,Do Nothing,Restart Dependency,0.0691,0.0,1.0,8.06,17.32,0.0739,0.6815,0.0,14,0,372.5,8.0,15.8,0.1017,0.0,0.0,0.834,0,148
2026-10-06T16:50:04.%f+00:00,IG_01bade32ae,dependency,1.1,6,Scale Out,Restart Dependency,0.0691,0.0,1.0,8.06,17.32,0.0739,0.6815,0.0,14,0,372.5,7.64,17.48,0.1132,0.0,0.0,0.883,0,11879
2026-10-06T16:50:09.%f+00:00,IG_01bade32ae,dependency,1.1,6,Restart Service,Restart Dependency,0.0691,0.0,1.0,8.06,17.32,0.0739,0.6815,0.0,14,0,372.5,8.03,16.79,0.1608,0.0,0.0,0.873,0,4213
2026-10-06T16:50:16.%f+00:00,IG_01bade32ae,dependency,1.1,6,Rollback,Restart Dependency,0.0691,0.0,1.0,8.06,17.32,0.0739,0.6815,0.0,14,0,372.5,7.87,17.59,0.1302,0.0,0.0,0.764,0,6418
2026-10-06T16:50:20.%f+00:00,IG_01bade32ae,dependency,1.1,6,Restart Dependency,Restart Dependency,0.0691,0.0,1.0,8.06,17.32,0.0739,0.6815,0.0,14,0,372.5,5.0,12.0,0.0825,0.0,1.0,0.992,1,2962
2026-10-06T16:50:23.%f+00:00,IG_011e60b2cd,dependency,1.2000000000000002,7,Do Nothing,Restart Dependency,0.0502,0.0,1.0,4.02,21.64,0.0566,0.7391,0.0,13,0,371.5,3.91,23.35,0.1182,0.0,0.0,0.756,0,109
2026-10-06T16:50:36.%f+00:00,IG_011e60b2cd,dependency,1.2000000000000002,7,Scale Out,Restart Dependency,0.0502,0.0,1.0,4.02,21.64,0.0566,0.7391,0.0,13,0,371.5,4.53,22.94,0.1223,0.12,0.0,0.775,0,12633
2026-10-06T16:50:42.%f+00:00,IG_011e60b2cd,dependency,1.2000000000000002,7,Restart Service,Restart Dependency,0.0502,0.0,1.0,4.02,21.64,0.0566,0.7391,0.0,13,0,371.5,4.56,21.34,0.0919,0.0,0.0,0.801,0,5238
2026-10-06T16:50:50.%f+00:00,IG_011e60b2cd,dependency,1.2000000000000002,7,Rollback,Restart Dependency,0.0502,0.0,1.0,4.02,21.64,0.0566,0.7391,0.0,13,0,371.5,3.73,22.64,0.1063,0.12,0.0,0.874,0,7180
2026-10-06T16:50:55.%f+00:00,IG_011e60b2cd,dependency,1.2000000000000002,7,Restart Dependency,Restart Dependency,0.0502,0.0,1.0,4.02,21.64,0.0566,0.7391,0.0,13,0,371.5,5.0,12.0,0.0612,0.0,1.0,0.99,1,4316
2026-10-06T16:50:58.%f+00:00,IG_0191dceef0,dependency,1.3,8,Do Nothing,Restart Dependency,0.0565,0.0,1.0,9.29,15.67,0.0521,0.7093,0.0,11,0,340.6,8.64,15.05,0.1035,0.0,0.0,0.901,0,151
2026-10-06T16:51:08.%f+00:00,IG_0191dceef0,dependency,1.3,8,Scale Out,Restart Dependency,0.0565,0.0,1.0,9.29,15.67,0.0521,0.7093,0.0,11,0,340.6,9.55,16.21,0.0955,0.12,0.0,0.854,0,9398
2026-10-06T16:51:13.%f+00:00,IG_0191dceef0,dependency,1.3,8,Restart Service,Restart Dependency,0.0565,0.0,1.0,9.29,15.67,0.0521,0.7093,0.0,11,0,340.6,9.75,14.58,0.0585,0.0,0.0,0.796,0,4659
2026-10-06T16:51:22.%f+00:00,IG_0191dceef0,dependency,1.3,8,Rollback,Restart Dependency,0.0565,0.0,1.0,9.29,15.67,0.0521,0.7093,0.0,11,0,340.6,9.2,16.04,0.0734,0.12,0.0,0.856,0,7542
2026-10-06T16:51:27.%f+00:00,IG_0191dceef0,dependency,1.3,8,Restart Dependency,Restart Dependency,0.0565,0.0,1.0,9.29,15.67,0.0521,0.7093,0.0,11,0,340.6,5.0,12.0,0.0629,0.0,1.0,0.986,1,4659
2026-10-06T16:51:30.%f+00:00,IG_01842a1710,dependency,1.4,9,Do Nothing,Restart Dependency,0.0447,0.0,1.0,7.69,19.02,0.0443,0.7376,0.0,9,0,411.7,8.46,17.21,0.0637,0.0,0.0,0.756,0,156
2026-10-06T16:51:42.%f+00:00,IG_01842a1710,dependency,1.4,9,Scale Out,Restart Dependency,0.0447,0.0,1.0,7.69,19.02,0.0443,0.7376,0.0,9,0,411.7,8.16,17.94,0.0783,0.0,0.0,0.856,0,11885
2026-10-06T16:51:47.%f+00:00,IG_01842a1710,dependency,1.4,9,Restart Service,Restart Dependency,0.0447,0.0,1.0,7.69,19.02,0.0443,0.7376,0.0,9,0,411.7,6.75,18.41,0.0953,0.12,0.0,0.879,0,3503
2026-10-06T16:51:54.%f+00:00,IG_01842a1710,dependency,1.4,9,Rollback,Restart Dependency,0.0447,0.0,1.0,7.69,19.02,0.0443,0.7376,0.0,9,0,411.7,5.0,12.0,0.0572,0.0,1.0,0.981,1,6821
2026-10-06T16:51:59.%f+00:00,IG_01842a1710,dependency,1.4,9,Restart Dependency,Restart Dependency,0.0447,0.0,1.0,7.69,19.02,0.0443,0.7376,0.0,9,0,411.7,6.85,17.5,0.0712,0.0,0.0,0.812,0,4167
2026-10-06T16:52:02.%f+00:00,IG_005e6eeb30,dependency,1.5,10,Do Nothing,Restart Dependency,0.0379,0.0,1.0,10.74,24.6,0.0453,0.8499,0.0,13,0,385.8,11.07,22.67,0.0809,0.0,0.0,0.877,0,139
2026-10-06T16:52:13.%f+00:00,IG_005e6eeb30,dependency,1.5,10,Scale Out,Restart Dependency,0.0379,0.0,1.0,10.74,24.6,0.0453,0.8499,0.0,13,0,385.8,9.31,22.41,0.0824,0.0,0.0,0.91,0,10931
2026-10-06T16:52:20.%f+00:00,IG_005e6eeb30,dependency,1.5,10,Restart Service,Restart Dependency,0.0379,0.0,1.0,10.74,24.6,0.0453,0.8499,0.0,13,0,385.8,11.53,25.02,0.0539,0.12,0.0,0.818,0,5272
2026-10-06T16:52:28.%f+00:00,IG_005e6eeb30,dependency,1.5,10,Rollback,Restart Dependency,0.0379,0.0,1.0,10.74,24.6,0.0453,0.8499,0.0,13,0,385.8,12.12,25.69,0.0575,0.12,0.0,0.901,0,7719
2026-10-06T16:52:34.%f+00:00,IG_005e6eeb30,dependency,1.5,10,Restart Dependency,Restart Dependency,0.0379,0.0,1.0,10.74,24.6,0.0453,0.8499,0.0,13,0,385.8,5.0,12.0,0.05,0.0,1.0,0.983,1,5229
2026-10-06T16:52:37.%f+00:00,IG_011b2e8353,dependency,1.6,11,Do Nothing,Restart Dependency,0.051,0.0,1.0,6.43,16.71,0.064,0.8503,0.0,11,0,340.8,6.29,17.5,0.1304,0.0,0.0,0.774,0,180
2026-10-06T16:52:50.%f+00:00,IG_011b2e8353,dependency,1.6,11,Scale Out,Restart Dependency,0.051,0.0,1.0,6.43,16.71,0.064,0.8503,0.0,11,0,340.8,6.92,18.07,0.1229,0.0,0.0,0.821,0,12332
2026-10-06T16:52:56.%f+00:00,IG_011b2e8353,dependency,1.6,11,Restart Service,Restart Dependency,0.051,0.0,1.0,6.43,16.71,0.064,0.8503,0.0,11,0,340.8,7.24,16.67,0.1304,0.12,0.0,0.75,0,5585
2026-10-06T16:53:02.%f+00:00,IG_011b2e8353,dependency,1.6,11,Rollback,Restart Dependency,0.051,0.0,1.0,6.43,16.71,0.064,0.8503,0.0,11,0,340.8,7.36,17.59,0.0874,0.12,0.0,0.861,0,5353
2026-10-06T16:53:06.%f+00:00,IG_011b2e8353,dependency,1.6,11,Restart Dependency,Restart Dependency,0.051,0.0,1.0,6.43,16.71,0.064,0.8503,0.0,11,0,340.8,5.0,12.0,0.0609,0.0,1.0,0.99,1,2900
2026-10-06T16:53:08.%f+00:00,IG_0157f09373,dependency,1.7000000000000002,12,Do Nothing,Restart Dependency,0.0611,0.0,1.0,6.89,22.12,0.0578,0.8826,0.0,8,0,322.6,7.29,23.3,0.1255,0.12,0.0,0.794,0,179
2026-10-06T16:53:19.%f+00:00,IG_0157f09373,dependency,1.7000000000000002,12,Scale Out,Restart Dependency,0.0611,0.0,1.0,6.89,22.12,0.0578,0.8826,0.0,8,0,322.6,7.87,20.81,0.1115,0.0,0.0,0.867,0,9839
2026-10-06T16:53:26.%f+00:00,IG_0157f09373,dependency,1.7000000000000002,12,Restart Service,Restart Dependency,0.0611,0.0,1.0,6.89,22.12,0.0578,0.8826,0.0,8,0,322.6,7.15,22.25,0.119,0.12,0.0,0.777,0,5962
2026-10-06T16:53:33.%f+00:00,IG_0157f09373,dependency,1.7000000000000002,12,Rollback,Restart Dependency,0.0611,0.0,1.0,6.89,22.12,0.0578,0.8826,0.0,8,0,322.6,6.42,23.39,0.1147,0.12,0.0,0.828,0,6092
2026-10-06T16:53:37.%f+00:00,IG_0157f09373,dependency,1.7000000000000002,12,Restart Dependency,Restart Dependency,0.0611,0.0,1.0,6.89,22.12,0.0578,0.8826,0.0,8,0,322.6,6.6,21.68,0.067,0.0,0.0,0.877,0,2928
2026-10-06T16:53:39.%f+00:00,IG_0178c4df91,dependency,1.8,13,Do Nothing,Restart Dependency,0.0614,0.0,1.0,8.79,23.85,0.0686,0.6205,0.0,10,0,431.8,9.79,21.95,0.1103,0.0,0.0,0.909,0,99
2026-10-06T16:53:50.%f+00:00,IG_0178c4df91,dependency,1.8,13,Scale Out,Restart Dependency,0.0614,0.0,1.0,8.79,23.85,0.0686,0.6205,0.0,10,0,431.8,10.07,24.26,0.1352,0.0,0.0,0.804,0,9787
2026-10-06T16:53:57.%f+00:00,IG_0178c4df91,dependency,1.8,13,Restart Service,Restart Dependency,0.0614,0.0,1.0,8.79,23.85,0.0686,0.6205,0.0,10,0,431.8,7.58,21.94,0.1454,0.12,0.0,0.779,0,6391
2026-10-06T16:54:05.%f+00:00,IG_0178c4df91,dependency,1.8,13,Rollback,Restart Dependency,0.0614,0.0,1.0,8.79,23.85,0.0686,0.6205,0.0,10,0,431.8,5.0,16.09,0.0674,0.0,1.0,0.986,1,7422
2026-10-06T16:54:11.%f+00:00,IG_0178c4df91,dependency,1.8,13,Restart Dependency,Restart Dependency,0.0614,0.0,1.0,8.79,23.85,0.0686,0.6205,0.0,10,0,431.8,10.05,22.76,0.0897,0.0,0.0,0.9,0,5351
2026-10-06T16:54:14.%f+00:00,IG_01e1e54fb4,dependency,1.9000000000000001,14,Do Nothing,Restart Dependency,0.0652,0.0,1.0,4.55,24.94,0.084,0.8989,0.0,8,0,371.7,4.71,26.35,0.1298,0.0,0.0,0.79,0,130
2026-10-06T16:54:23.%f+00:00,IG_01e1e54fb4,dependency,1.9000000000000001,14,Scale Out,Restart Dependency,0.0652,0.0,1.0,4.55,24.94,0.084,0.8989,0.0,8,0,371.7,4.92,25.0,0.1278,0.0,0.0,0.834,0,9097
2026-10-06T16:54:29.%f+00:00,IG_01e1e54fb4,dependency,1.9000000000000001,14,Restart Service,Restart Dependency,0.0652,0.0,1.0,4.55,24.94,0.084,0.8989,0.0,8,0,371.7,5.0,13.64,0.0771,0.0,1.0,0.984,1,5190
2026-10-06T16:54:37.%f+00:00,IG_01e1e54fb4,dependency,1.9000000000000001,14,Rollback,Restart Dependency,0.0652,0.0,1.0,4.55,24.94,0.084,0.8989,0.0,8,0,371.7,5.1,24.5,0.1233,0.12,0.0,0.83,0,7051
2026-10-06T16:54:42.%f+00:00,IG_01e1e54fb4,dependency,1.9000000000000001,14,Restart Dependency,Restart Dependency,0.0652,0.0,1.0,4.55,24.94,0.084,0.8989,0.0,8,0,371.7,4.25,22.96,0.1563,0.0,0.0,0.79,0,4242
2026-10-06T16:54:45.%f+00:00,IG_0156bc8bd3,dependency,2.0,15,Do Nothing,Restart Dependency,0.0664,0.0,1.0,4.15,15.34,0.0726,0.7621,0.0,11,0,446.2,3.99,14.42,0.1218,0.12,0.0,0.833,0,106
2026-10-06T16:54:57.%f+00:00,IG_0156bc8bd3,dependency,2.0,15,Scale Out,Restart Dependency,0.0664,0.0,1.0,4.15,15.34,0.0726,0.7621,0.0,11,0,446.2,4.41,14.18,0.112,0.0,0.0,0.856,0,11601
2026-10-06T16:55:02.%f+00:00,IG_0156bc8bd3,dependency,2.0,15,Restart Service,Restart Dependency,0.0664,0.0,1.0,4.15,15.34,0.0726,0.7621,0.0,11,0,446.2,3.98,14.63,0.0945,0.0,0.0,0.798,0,3753
2026-10-06T16:55:07.%f+00:00,IG_0156bc8bd3,dependency,2.0,15,Rollback,Restart Dependency,0.0664,0.0,1.0,4.15,15.34,0.0726,0.7621,0.0,11,0,446.2,5.0,12.0,0.0742,0.0,1.0,0.99,1,4744
2026-10-06T16:55:12.%f+00:00,IG_0156bc8bd3,dependency,2.0,15,Restart Dependency,Restart Dependency,0.0664,0.0,1.0,4.15,15.34,0.0726,0.7621,0.0,11,0,446.2,5.0,12.0,0.0736,0.0,1.0,0.995,1,3875
2026-10-06T16:55:14.%f+00:00,IG_004d4fdbf1,dependency,2.1,16,Do Nothing,Restart Dependency,0.0634,0.0,1.0,8.34,14.21,0.0581,0.7722,0.0,14,0,408.2,7.29,15.23,0.1006,0.0,0.0,0.797,0,139
2026-10-06T16:55:28.%f+00:00,IG_004d4fdbf1,dependency,2.1,16,Scale Out,Restart Dependency,0.0634,0.0,1.0,8.34,14.21,0.0581,0.7722,0.0,14,0,408.2,5.0,12.0,0.0781,0.0,1.0,0.992,1,12714
2026-10-06T16:55:34.%f+00:00,IG_004d4fdbf1,dependency,2.1,16,Restart Service,Restart Dependency,0.0634,0.0,1.0,8.34,14.21,0.0581,0.7722,0.0,14,0,408.2,8.46,13.55,0.0967,0.0,0.0,0.802,0,5342
2026-10-06T16:55:39.%f+00:00,IG_004d4fdbf1,dependency,2.1,16,Rollback,Restart Dependency,0.0634,0.0,1.0,8.34,14.21,0.0581,0.7722,0.0,14,0,408.2,7.64,12.89,0.1273,0.0,0.0,0.894,0,4527
2026-10-06T16:55:43.%f+00:00,IG_004d4fdbf1,dependency,2.1,16,Restart Dependency,Restart Dependency,0.0634,0.0,1.0,8.34,14.21,0.0581,0.7722,0.0,14,0,408.2,5.0,12.0,0.0669,0.0,1.0,1.0,1,3232
2026-10-06T16:55:46.%f+00:00,IG_01aad92810,dependency,2.2,17,Do Nothing,Restart Dependency,0.046,0.0,1.0,10.76,14.02,0.0415,0.6813,0.0,15,0,353.9,9.57,14.31,0.059,0.0,0.0,0.842,0,132
2026-10-06T16:55:57.%f+00:00,IG_01aad92810,dependency,2.2,17,Scale Out,Restart Dependency,0.046,0.0,1.0,10.76,14.02,0.0415,0.6813,0.0,15,0,353.9,11.26,12.73,0.0848,0.12,0.0,0.786,0,10588
2026-10-06T16:56:03.%f+00:00,IG_01aad92810,dependency,2.2,17,Restart Service,Restart Dependency,0.046,0.0,1.0,10.76,14.02,0.0415,0.6813,0.0,15,0,353.9,5.0,12.0,0.0479,0.0,1.0,0.994,1,4958
2026-10-06T16:56:12.%f+00:00,IG_01aad92810,dependency,2.2,17,Rollback,Restart Dependency,0.046,0.0,1.0,10.76,14.02,0.0415,0.6813,0.0,15,0,353.9,5.0,12.0,0.06,0.0,1.0,0.992,1,7861
2026-10-06T16:56:15.%f+00:00,IG_01aad92810,dependency,2.2,17,Restart Dependency,Restart Dependency,0.046,0.0,1.0,10.76,14.02,0.0415,0.6813,0.0,15,0,353.9,5.0,12.0,0.0515,0.0,1.0,0.982,1,2545
2026-10-06T16:56:18.%f+00:00,IG_001dc77430,dependency,2.3,18,Do Nothing,Restart Dependency,0.0796,0.0,1.0,8.18,22.94,0.0926,0.8647,0.0,14,0,416.5,7.17,23.36,0.1074,0.0,0.0,0.901,0,172
2026-10-06T16:56:27.%f+00:00,IG_001dc77430,dependency,2.3,18,Scale Out,Restart Dependency,0.0796,0.0,1.0,8.18,22.94,0.0926,0.8647,0.0,14,0,416.5,7.06,22.09,0.1625,0.0,0.0,0.918,0,8780
2026-10-06T16:56:34.%f+00:00,IG_001dc77430,dependency,2.3,18,Restart Service,Restart Dependency,0.0796,0.0,1.0,8.18,22.94,0.0926,0.8647,0.0,14,0,416.5,8.68,23.62,0.2031,0.0,0.0,0.864,0,6007
2026-10-06T16:56:41.%f+00:00,IG_001dc77430,dependency,2.3,18,Rollback,Restart Dependency,0.0796,0.0,1.0,8.18,22.94,0.0926,0.8647,0.0,14,0,416.5,7.82,22.87,0.1662,0.12,0.0,0.802,0,6171
2026-10-06T16:56:46.%f+00:00,IG_001dc77430,dependency,2.3,18,Restart Dependency,Restart Dependency,0.0796,0.0,1.0,8.18,22.94,0.0926,0.8647,0.0,14,0,416.5,8.92,23.99,0.1897,0.12,0.0,0.855,0,4044
2026-10-06T16:56:48.%f+00:00,IG_006f710c4f,dependency,2.4000000000000004,19,Do Nothing,Restart Dependency,0.0479,0.0,1.0,6.59,24.13,0.0503,0.7342,0.0,12,0,439.0,6.75,22.34,0.1035,0.0,0.0,0.878,0,172
2026-10-06T16:57:01.%f+00:00,IG_006f710c4f,dependency,2.4000000000000004,19,Scale Out,Restart Dependency,0.0479,0.0,1.0,6.59,24.13,0.0503,0.7342,0.0,12,0,439.0,7.31,25.79,0.0636,0.12,0.0,0.769,0,11461
2026-10-06T16:57:05.%f+00:00,IG_006f710c4f,dependency,2.4000000000000004,19,Restart Service,Restart Dependency,0.0479,0.0,1.0,6.59,24.13,0.0503,0.7342,0.0,12,0,439.0,6.07,26.17,0.0651,0.0,0.0,0.873,0,3825
2026-10-06T16:57:14.%f+00:00,IG_006f710c4f,dependency,2.4000000000000004,19,Rollback,Restart Dependency,0.0479,0.0,1.0,6.59,24.13,0.0503,0.7342,0.0,12,0,439.0,7.5,26.44,0.1034,0.0,0.0,0.917,0,7992
2026-10-06T16:57:19.%f+00:00,IG_006f710c4f,dependency,2.4000000000000004,19,Restart Dependency,Restart Dependency,0.0479,0.0,1.0,6.59,24.13,0.0503,0.7342,0.0,12,0,439.0,5.0,12.19,0.054,0.0,1.0,0.997,1,4357
2026-10-06T16:57:22.%f+00:00,IG_023f994070,dependency,2.5,20,Do Nothing,Restart Dependency,0.0463,0.0,1.0,6.12,24.57,0.0431,0.6816,0.0,9,0,311.3,5.73,26.96,0.0566,0.12,0.0,0.842,0,161
2026-10-06T16:57:31.%f+00:00,IG_023f994070,dependency,2.5,20,Scale Out,Restart Dependency,0.0463,0.0,1.0,6.12,24.57,0.0431,0.6816,0.0,9,0,311.3,6.52,23.0,0.0626,0.0,0.0,0.872,0,8530
2026-10-06T16:57:37.%f+00:00,IG_023f994070,dependency,2.5,20,Restart Service,Restart Dependency,0.0463,0.0,1.0,6.12,24.57,0.0431,0.6816,0.0,9,0,311.3,5.34,26.38,0.0694,0.0,0.0,0.854,0,5298
2026-10-06T16:57:44.%f+00:00,IG_023f994070,dependency,2.5,20,Rollback,Restart Dependency,0.0463,0.0,1.0,6.12,24.57,0.0431,0.6816,0.0,9,0,311.3,5.38,24.97,0.0639,0.0,0.0,0.889,0,6405
2026-10-06T16:57:48.%f+00:00,IG_023f994070,dependency,2.5,20,Restart Dependency,Restart Dependency,0.0463,0.0,1.0,6.12,24.57,0.0431,0.6816,0.0,9,0,311.3,5.56,25.67,0.0512,0.0,0.0,0.856,0,3123
2026-10-06T16:57:51.%f+00:00,IG_0068c80c8d,dependency,2.6,21,Do Nothing,Restart Dependency,0.0497,0.0,1.0,10.18,21.22,0.0475,0.8724,0.0,15,0,377.9,9.08,23.0,0.09,0.0,0.0,0.822,0,84
2026-10-06T16:58:03.%f+00:00,IG_0068c80c8d,dependency,2.6,21,Scale Out,Restart Dependency,0.0497,0.0,1.0,10.18,21.22,0.0475,0.8724,0.0,15,0,377.9,5.0,13.79,0.0601,0.0,1.0,0.981,1,11890
2026-10-06T16:58:08.%f+00:00,IG_0068c80c8d,dependency,2.6,21,Restart Service,Restart Dependency,0.0497,0.0,1.0,10.18,21.22,0.0475,0.8724,0.0,15,0,377.9,8.67,19.81,0.0561,0.0,0.0,0.805,0,3616
2026-10-06T16:58:16.%f+00:00,IG_0068c80c8d,dependency,2.6,21,Rollback,Restart Dependency,0.0497,0.0,1.0,10.18,21.22,0.0475,0.8724,0.0,15,0,377.9,10.93,23.29,0.0798,0.0,0.0,0.884,0,7640
2026-10-06T16:58:22.%f+00:00,IG_0068c80c8d,dependency,2.6,21,Restart Dependency,Restart Dependency,0.0497,0.0,1.0,10.18,21.22,0.0475,0.8724,0.0,15,0,377.9,9.92,20.15,0.1019,0.0,0.0,0.856,0,5206
2026-10-06T16:58:25.%f+00:00,IG_02016154af,dependency,2.7,22,Do Nothing,Restart Dependency,0.0585,0.0,1.0,7.98,22.68,0.0567,0.625,0.0,11,0,368.9,7.23,23.15,0.0626,0.0,0.0,0.869,0,179
2026-10-06T16:58:38.%f+00:00,IG_02016154af,dependency,2.7,22,Scale Out,Restart Dependency,0.0585,0.0,1.0,7.98,22.68,0.0567,0.625,0.0,11,0,368.9,7.87,21.77,0.0785,0.12,0.0,0.836,0,12926
2026-10-06T16:58:45.%f+00:00,IG_02016154af,dependency,2.7,22,Restart Service,Restart Dependency,0.0585,0.0,1.0,7.98,22.68,0.0567,0.625,0.0,11,0,368.9,8.87,22.14,0.101,0.0,0.0,0.876,0,5860
2026-10-06T16:58:52.%f+00:00,IG_02016154af,dependency,2.7,22,Rollback,Restart Dependency,0.0585,0.0,1.0,7.98,22.68,0.0567,0.625,0.0,11,0,368.9,6.93,22.19,0.0941,0.12,0.0,0.8,0,6362
2026-10-06T16:58:56.%f+00:00,IG_02016154af,dependency,2.7,22,Restart Dependency,Restart Dependency,0.0585,0.0,1.0,7.98,22.68,0.0567,0.625,0.0,11,0,368.9,7.37,21.82,0.0905,0.0,0.0,0.868,0,3048
2026-10-06T16:58:59.%f+00:00,IG_001f0fc0d1,dependency,2.8000000000000003,23,Do Nothing,Restart Dependency,0.068,0.0,1.0,10.4,17.46,0.0632,0.8445,0.0,14,0,373.3,9.01,18.25,0.0782,0.12,0.0,0.9,0,130
2026-10-06T16:59:10.%f+00:00,IG_001f0fc0d1,dependency,2.8000000000000003,23,Scale Out,Restart Dependency,0.068,0.0,1.0,10.4,17.46,0.0632,0.8445,0.0,14,0,373.3,9.01,16.2,0.1236,0.12,0.0,0.779,0,10710
2026-10-06T16:59:17.%f+00:00,IG_001f0fc0d1,dependency,2.8000000000000003,23,Restart Service,Restart Dependency,0.068,0.0,1.0,10.4,17.46,0.0632,0.8445,0.0,14,0,373.3,10.82,18.97,0.1016,0.0,0.0,0.789,0,5991
2026-10-06T16:59:26.%f+00:00,IG_001f0fc0d1,dependency,2.8000000000000003,23,Rollback,Restart Dependency,0.068,0.0,1.0,10.4,17.46,0.0632,0.8445,0.0,14,0,373.3,5.0,12.0,0.0684,0.0,1.0,0.998,1,7894
2026-10-06T16:59:30.%f+00:00,IG_001f0fc0d1,dependency,2.8000000000000003,23,Restart Dependency,Restart Dependency,0.068,0.0,1.0,10.4,17.46,0.0632,0.8445,0.0,14,0,373.3,11.95,18.54,0.0858,0.0,0.0,0.85,0,3943
2026-10-06T16:59:33.%f+00:00,IG_01430b38f3,dependency,2.9000000000000004,24,Do Nothing,Restart Dependency,0.0429,0.0,1.0,5.95,16.7,0.0419,0.7357,0.0,14,0,437.7,6.8,17.16,0.0715,0.0,0.0,0.876,0,80
2026-10-06T16:59:42.%f+00:00,IG_01430b38f3,dependency,2.9000000000000004,24,Scale Out,Restart Dependency,0.0429,0.0,1.0,5.95,16.7,0.0419,0.7357,0.0,14,0,437.7,5.92,18.12,0.0826,0.12,0.0,0.803,0,8882
2026-10-06T16:59:49.%f+00:00,IG_01430b38f3,dependency,2.9000000000000004,24,Restart Service,Restart Dependency,0.0429,0.0,1.0,5.95,16.7,0.0419,0.7357,0.0,14,0,437.7,6.66,18.17,0.0873,0.0,0.0,0.756,0,5598
2026-10-06T16:59:56.%f+00:00,IG_01430b38f3,dependency,2.9000000000000004,24,Rollback,Restart Dependency,0.0429,0.0,1.0,5.95,16.7,0.0419,0.7357,0.0,14,0,437.7,5.77,17.95,0.0671,0.0,0.0,0.797,0,6385
2026-10-06T17:00:01.%f+00:00,IG_01430b38f3,dependency,2.9000000000000004,24,Restart Dependency,Restart Dependency,0.0429,0.0,1.0,5.95,16.7,0.0419,0.7357,0.0,14,0,437.7,5.0,12.0,0.0502,0.0,1.0,0.986,1,4589
2026-10-06T17:00:04.%f+00:00,IG_02494c9112,dependency,3.0,25,Do Nothing,Restart Dependency,0.0515,0.0,1.0,6.77,16.96,0.058,0.7043,0.0,11,0,433.3,7.63,17.8,0.0882,0.12,0.0,0.815,0,128
2026-10-06T17:00:14.%f+00:00,IG_02494c9112,dependency,3.0,25,Scale Out,Restart Dependency,0.0515,0.0,1.0,6.77,16.96,0.058,0.7043,0.0,11,0,433.3,6.2,18.58,0.0774,0.0,0.0,0.775,0,9195
2026-10-06T17:00:20.%f+00:00,IG_02494c9112,dependency,3.0,25,Restart Service,Restart Dependency,0.0515,0.0,1.0,6.77,16.96,0.058,0.7043,0.0,11,0,433.3,6.68,16.87,0.1188,0.0,0.0,0.783,0,5032
2026-10-06T17:00:26.%f+00:00,IG_02494c9112,dependency,3.0,25,Rollback,Restart Dependency,0.0515,0.0,1.0,6.77,16.96,0.058,0.7043,0.0,11,0,433.3,6.01,18.64,0.0878,0.0,0.0,0.826,0,5412
2026-10-06T17:00:32.%f+00:00,IG_02494c9112,dependency,3.0,25,Restart Dependency,Restart Dependency,0.0515,0.0,1.0,6.77,16.96,0.058,0.7043,0.0,11,0,433.3,5.0,12.0,0.0684,0.0,1.0,0.994,1,5487
2026-10-06T17:00:35.%f+00:00,IG_01c6eb1531,dependency,3.1,26,Do Nothing,Restart Dependency,0.0572,0.0,1.0,4.17,17.52,0.0739,0.8746,0.0,11,0,405.2,4.11,17.13,0.1051,0.0,0.0,0.757,0,132
2026-10-06T17:00:48.%f+00:00,IG_01c6eb1531,dependency,3.1,26,Scale Out,Restart Dependency,0.0572,0.0,1.0,4.17,17.52,0.0739,0.8746,0.0,11,0,405.2,3.61,18.4,0.1238,0.0,0.0,0.881,0,12834
2026-10-06T17:00:54.%f+00:00,IG_01c6eb1531,dependency,3.1,26,Restart Service,Restart Dependency,0.0572,0.0,1.0,4.17,17.52,0.0739,0.8746,0.0,11,0,405.2,3.74,18.97,0.1065,0.0,0.0,0.817,0,4683
2026-10-06T17:01:01.%f+00:00,IG_01c6eb1531,dependency,3.1,26,Rollback,Restart Dependency,0.0572,0.0,1.0,4.17,17.52,0.0739,0.8746,0.0,11,0,405.2,5.0,12.0,0.0703,0.0,1.0,0.999,1,6661
2026-10-06T17:01:05.%f+00:00,IG_01c6eb1531,dependency,3.1,26,Restart Dependency,Restart Dependency,0.0572,0.0,1.0,4.17,17.52,0.0739,0.8746,0.0,11,0,405.2,5.0,12.0,0.0625,0.0,1.0,0.991,1,2963
2026-10-06T17:01:07.%f+00:00,IG_00cfc73952,dependency,3.2,27,Do Nothing,Restart Dependency,0.0372,0.0,1.0,7.75,19.55,0.0462,0.8552,0.0,10,0,437.9,7.7,19.34,0.0898,0.0,0.0,0.821,0,139
2026-10-06T17:01:19.%f+00:00,IG_00cfc73952,dependency,3.2,27,Scale Out,Restart Dependency,0.0372,0.0,1.0,7.75,19.55,0.0462,0.8552,0.0,10,0,437.9,7.19,18.79,0.0562,0.0,0.0,0.869,0,11114
2026-10-06T17:01:26.%f+00:00,IG_00cfc73952,dependency,3.2,27,Restart Service,Restart Dependency,0.0372,0.0,1.0,7.75,19.55,0.0462,0.8552,0.0,10,0,437.9,7.91,17.67,0.0657,0.0,0.0,0.82,0,5495
2026-10-06T17:01:34.%f+00:00,IG_00cfc73952,dependency,3.2,27,Rollback,Restart Dependency,0.0372,0.0,1.0,7.75,19.55,0.0462,0.8552,0.0,10,0,437.9,8.44,19.36,0.0951,0.0,0.0,0.814,0,7574
2026-10-06T17:01:39.%f+00:00,IG_00cfc73952,dependency,3.2,27,Restart Dependency,Restart Dependency,0.0372,0.0,1.0,7.75,19.55,0.0462,0.8552,0.0,10,0,437.9,5.0,13.5,0.0484,0.0,1.0,0.995,1,4680
2026-10-06T17:01:42.%f+00:00,IG_003c611574,dependency,3.3000000000000003,28,Do Nothing,Restart Dependency,0.0684,0.0,1.0,7.49,16.39,0.0616,0.7826,0.0,13,0,353.9,7.95,15.49,0.0938,0.0,0.0,0.865,0,142
2026-10-06T17:01:54.%f+00:00,IG_003c611574,dependency,3.3000000000000003,28,Scale Out,Restart Dependency,0.0684,0.0,1.0,7.49,16.39,0.0616,0.7826,0.0,13,0,353.9,7.95,16.84,0.0896,0.12,0.0,0.793,0,11210
2026-10-06T17:02:01.%f+00:00,IG_003c611574,dependency,3.3000000000000003,28,Restart Service,Restart Dependency,0.0684,0.0,1.0,7.49,16.39,0.0616,0.7826,0.0,13,0,353.9,6.8,16.25,0.1238,0.12,0.0,0.777,0,6297
2026-10-06T17:02:07.%f+00:00,IG_003c611574,dependency,3.3000000000000003,28,Rollback,Restart Dependency,0.0684,0.0,1.0,7.49,16.39,0.0616,0.7826,0.0,13,0,353.9,6.89,16.94,0.1184,0.0,0.0,0.753,0,5272
2026-10-06T17:02:10.%f+00:00,IG_003c611574,dependency,3.3000000000000003,28,Restart Dependency,Restart Dependency,0.0684,0.0,1.0,7.49,16.39,0.0616,0.7826,0.0,13,0,353.9,8.55,14.83,0.113,0.12,0.0,0.827,0,2539
2026-10-06T17:02:13.%f+00:00,IG_01dd0d4193,dependency,3.4000000000000004,29,Do Nothing,Restart Dependency,0.0698,0.0,1.0,9.22,12.2,0.0629,0.8623,0.0,9,0,304.8,9.28,12.2,0.1242,0.0,0.0,0.917,0,95
2026-10-06T17:02:22.%f+00:00,IG_01dd0d4193,dependency,3.4000000000000004,29,Scale Out,Restart Dependency,0.0698,0.0,1.0,9.22,12.2,0.0629,0.8623,0.0,9,0,304.8,8.27,12.91,0.0717,0.12,0.0,0.828,0,8660
2026-10-06T17:02:29.%f+00:00,IG_01dd0d4193,dependency,3.4000000000000004,29,Restart Service,Restart Dependency,0.0698,0.0,1.0,9.22,12.2,0.0629,0.8623,0.0,9,0,304.8,9.01,12.69,0.1248,0.0,0.0,0.861,0,5775
2026-10-06T17:02:35.%f+00:00,IG_01dd0d4193,dependency,3.4000000000000004,29,Rollback,Restart Dependency,0.0698,0.0,1.0,9.22,12.2,0.0629,0.8623,0.0,9,0,304.8,8.46,12.97,0.1183,0.0,0.0,0.757,0,5635
2026-10-06T17:02:40.%f+00:00,IG_01dd0d4193,dependency,3.4000000000000004,29,Restart Dependency,Restart Dependency,0.0698,0.0,1.0,9.22,12.2,0.0629,0.8623,0.0,9,0,304.8,9.57,11.24,0.1028,0.0,0.0,0.865,0,3388
2026-10-06T17:02:42.%f+00:00,IG_01b11e91b0,dependency,3.5,30,Do Nothing,Restart Dependency,0.04,0.0,1.0,4.6,17.98,0.0373,0.7754,0.0,15,0,327.1,4.54,16.37,0.054,0.0,0.0,0.91,0,114
2026-10-06T17:02:54.%f+00:00,IG_01b11e91b0,dependency,3.5,30,Scale Out,Restart Dependency,0.04,0.0,1.0,4.6,17.98,0.0373,0.7754,0.0,15,0,327.1,4.94,19.77,0.0662,0.0,0.0,0.78,0,11018
2026-10-06T17:02:59.%f+00:00,IG_01b11e91b0,dependency,3.5,30,Restart Service,Restart Dependency,0.04,0.0,1.0,4.6,17.98,0.0373,0.7754,0.0,15,0,327.1,4.02,17.55,0.0737,0.0,0.0,0.794,0,4373
2026-10-06T17:03:06.%f+00:00,IG_01b11e91b0,dependency,3.5,30,Rollback,Restart Dependency,0.04,0.0,1.0,4.6,17.98,0.0373,0.7754,0.0,15,0,327.1,3.99,19.33,0.0631,0.12,0.0,0.777,0,5931
2026-10-06T17:03:10.%f+00:00,IG_01b11e91b0,dependency,3.5,30,Restart Dependency,Restart Dependency,0.04,0.0,1.0,4.6,17.98,0.0373,0.7754,0.0,15,0,327.1,5.0,12.0,0.0503,0.0,1.0,0.98,1,3094
2026-10-06T17:03:12.%f+00:00,IG_011f3055ce,dependency,3.6,31,Do Nothing,Restart Dependency,0.0618,0.0,1.0,5.63,14.29,0.0623,0.6424,0.0,8,0,403.8,5.09,13.86,0.137,0.12,0.0,0.819,0,94
2026-10-06T17:03:22.%f+00:00,IG_011f3055ce,dependency,3.6,31,Scale Out,Restart Dependency,0.0618,0.0,1.0,5.63,14.29,0.0623,0.6424,0.0,8,0,403.8,6.24,15.41,0.0978,0.0,0.0,0.768,0,9400
2026-10-06T17:03:29.%f+00:00,IG_011f3055ce,dependency,3.6,31,Restart Service,Restart Dependency,0.0618,0.0,1.0,5.63,14.29,0.0623,0.6424,0.0,8,0,403.8,5.69,13.85,0.072,0.0,0.0,0.751,0,5793
2026-10-06T17:03:34.%f+00:00,IG_011f3055ce,dependency,3.6,31,Rollback,Restart Dependency,0.0618,0.0,1.0,5.63,14.29,0.0623,0.6424,0.0,8,0,403.8,5.31,15.22,0.1334,0.0,0.0,0.768,0,4575
2026-10-06T17:03:40.%f+00:00,IG_011f3055ce,dependency,3.6,31,Restart Dependency,Restart Dependency,0.0618,0.0,1.0,5.63,14.29,0.0623,0.6424,0.0,8,0,403.8,5.0,12.0,0.0657,0.0,1.0,0.984,1,4827
2026-10-06T17:03:42.%f+00:00,IG_0222a079ed,dependency,3.7,32,Do Nothing,Restart Dependency,0.0709,0.0,1.0,8.6,21.04,0.0755,0.6123,0.0,9,0,424.3,8.85,22.71,0.1492,0.0,0.0,0.841,0,91
2026-10-06T17:03:53.%f+00:00,IG_0222a079ed,dependency,3.7,32,Scale Out,Restart Dependency,0.0709,0.0,1.0,8.6,21.04,0.0755,0.6123,0.0,9,0,424.3,5.0,13.05,0.079,0.0,1.0,0.981,1,9721
2026-10-06T17:03:58.%f+00:00,IG_0222a079ed,dependency,3.7,32,Restart Service,Restart Dependency,0.0709,0.0,1.0,8.6,21.04,0.0755,0.6123,0.0,9,0,424.3,8.6,20.68,0.1352,0.12,0.0,0.877,0,4557
2026-10-06T17:04:07.%f+00:00,IG_0222a079ed,dependency,3.7,32,Rollback,Restart Dependency,0.0709,0.0,1.0,8.6,21.04,0.0755,0.6123,0.0,9,0,424.3,8.72,21.17,0.0876,0.0,0.0,0.899,0,7640
2026-10-06T17:04:12.%f+00:00,IG_0222a079ed,dependency,3.7,32,Restart Dependency,Restart Dependency,0.0709,0.0,1.0,8.6,21.04,0.0755,0.6123,0.0,9,0,424.3,5.0,14.51,0.0837,0.0,1.0,0.996,1,4516
2026-10-06T17:04:14.%f+00:00,IG_006af10a0d,dependency,3.8000000000000003,33,Do Nothing,Restart Dependency,0.0625,0.0,1.0,7.72,15.34,0.0616,0.888,0.0,8,0,333.2,7.6,16.26,0.082,0.0,0.0,0.756,0,166
2026-10-06T17:04:25.%f+00:00,IG_006af10a0d,dependency,3.8000000000000003,33,Scale Out,Restart Dependency,0.0625,0.0,1.0,7.72,15.34,0.0616,0.888,0.0,8,0,333.2,7.5,15.77,0.1302,0.0,0.0,0.799,0,10143
2026-10-06T17:04:32.%f+00:00,IG_006af10a0d,dependency,3.8000000000000003,33,Restart Service,Restart Dependency,0.0625,0.0,1.0,7.72,15.34,0.0616,0.888,0.0,8,0,333.2,7.65,16.18,0.0968,0.0,0.0,0.911,0,6233
2026-10-06T17:04:40.%f+00:00,IG_006af10a0d,dependency,3.8000000000000003,33,Rollback,Restart Dependency,0.0625,0.0,1.0,7.72,15.34,0.0616,0.888,0.0,8,0,333.2,6.72,16.39,0.1285,0.0,0.0,0.832,0,7175
2026-10-06T17:04:47.%f+00:00,IG_006af10a0d,dependency,3.8000000000000003,33,Restart Dependency,Restart Dependency,0.0625,0.0,1.0,7.72,15.34,0.0616,0.888,0.0,8,0,333.2,5.0,12.0,0.0728,0.0,1.0,0.982,1,5371
2026-10-06T17:04:49.%f+00:00,IG_00e5122a2f,dependency,3.9000000000000004,34,Do Nothing,Restart Dependency,0.0644,0.0,1.0,9.86,19.63,0.0631,0.8603,0.0,10,0,443.1,8.93,19.66,0.0982,0.0,0.0,0.862,0,95
2026-10-06T17:04:59.%f+00:00,IG_00e5122a2f,dependency,3.9000000000000004,34,Scale Out,Restart Dependency,0.0644,0.0,1.0,9.86,19.63,0.0631,0.8603,0.0,10,0,443.1,10.85,18.91,0.0783,0.12,0.0,0.844,0,8975
2026-10-06T17:05:05.%f+00:00,IG_00e5122a2f,dependency,3.9000000000000004,34,Restart Service,Restart Dependency,0.0644,0.0,1.0,9.86,19.63,0.0631,0.8603,0.0,10,0,443.1,8.42,21.08,0.0928,0.0,0.0,0.809,0,4978
2026-10-06T17:05:10.%f+00:00,IG_00e5122a2f,dependency,3.9000000000000004,34,Rollback,Restart Dependency,0.0644,0.0,1.0,9.86,19.63,0.0631,0.8603,0.0,10,0,443.1,11.23,17.95,0.0974,0.12,0.0,0.84,0,4969
2026-10-06T17:05:14.%f+00:00,IG_00e5122a2f,dependency,3.9000000000000004,34,Restart Dependency,Restart Dependency,0.0644,0.0,1.0,9.86,19.63,0.0631,0.8603,0.0,10,0,443.1,5.0,12.0,0.0721,0.0,1.0,0.984,1,2941
2026-10-06T17:05:17.%f+00:00,IG_00f0c66a4b,dependency,4.0,35,Do Nothing,Restart Dependency,0.0705,0.0,1.0,8.56,14.83,0.0854,0.8405,0.0,12,0,421.4,8.48,15.12,0.1365,0.12,0.0,0.821,0,149
2026-10-06T17:05:29.%f+00:00,IG_00f0c66a4b,dependency,4.0,35,Scale Out,Restart Dependency,0.0705,0.0,1.0,8.56,14.83,0.0854,0.8405,0.0,12,0,421.4,9.43,13.58,0.1814,0.0,0.0,0.894,0,11839
2026-10-06T17:05:34.%f+00:00,IG_00f0c66a4b,dependency,4.0,35,Restart Service,Restart Dependency,0.0705,0.0,1.0,8.56,14.83,0.0854,0.8405,0.0,12,0,421.4,7.99,15.06,0.1577,0.0,0.0,0.752,0,3758
2026-10-06T17:05:41.%f+00:00,IG_00f0c66a4b,dependency,4.0,35,Rollback,Restart Dependency,0.0705,0.0,1.0,8.56,14.83,0.0854,0.8405,0.0,12,0,421.4,9.4,14.05,0.1575,0.0,0.0,0.817,0,6808
2026-10-06T17:05:46.%f+00:00,IG_00f0c66a4b,dependency,4.0,35,Restart Dependency,Restart Dependency,0.0705,0.0,1.0,8.56,14.83,0.0854,0.8405,0.0,12,0,421.4,5.0,12.0,0.0742,0.0,1.0,0.983,1,4289
2026-10-06T17:05:49.%f+00:00,IG_01f76ef26b,dependency,4.1,36,Do Nothing,Restart Dependency,0.0445,0.0,1.0,8.89,19.04,0.0548,0.8187,0.0,9,0,358.3,8.29,20.84,0.0827,0.0,0.0,0.887,0,90
2026-10-06T17:06:00.%f+00:00,IG_01f76ef26b,dependency,4.1,36,Scale Out,Restart Dependency,0.0445,0.0,1.0,8.89,19.04,0.0548,0.8187,0.0,9,0,358.3,10.1,17.42,0.1119,0.0,0.0,0.812,0,10726
2026-10-06T17:06:05.%f+00:00,IG_01f76ef26b,dependency,4.1,36,Restart Service,Restart Dependency,0.0445,0.0,1.0,8.89,19.04,0.0548,0.8187,0.0,9,0,358.3,10.14,19.95,0.0852,0.0,0.0,0.779,0,3907
2026-10-06T17:06:13.%f+00:00,IG_01f76ef26b,dependency,4.1,36,Rollback,Restart Dependency,0.0445,0.0,1.0,8.89,19.04,0.0548,0.8187,0.0,9,0,358.3,5.0,12.0,0.0594,0.0,1.0,0.988,1,6738
2026-10-06T17:06:19.%f+00:00,IG_01f76ef26b,dependency,4.1,36,Restart Dependency,Restart Dependency,0.0445,0.0,1.0,8.89,19.04,0.0548,0.8187,0.0,9,0,358.3,9.32,20.45,0.0739,0.0,0.0,0.771,0,5218
2026-10-06T17:06:21.%f+00:00,IG_00cb58128b,dependency,4.2,37,Do Nothing,Restart Dependency,0.0643,0.0,1.0,11.25,24.24,0.0789,0.7437,0.0,15,0,373.7,11.47,21.89,0.1369,0.12,0.0,0.841,0,83
2026-10-06T17:06:34.%f+00:00,IG_00cb58128b,dependency,4.2,37,Scale Out,Restart Dependency,0.0643,0.0,1.0,11.25,24.24,0.0789,0.7437,0.0,15,0,373.7,12.42,23.6,0.1514,0.0,0.0,0.898,0,12183
2026-10-06T17:06:41.%f+00:00,IG_00cb58128b,dependency,4.2,37,Restart Service,Restart Dependency,0.0643,0.0,1.0,11.25,24.24,0.0789,0.7437,0.0,15,0,373.7,12.28,23.42,0.0936,0.0,0.0,0.764,0,6050
2026-10-06T17:06:49.%f+00:00,IG_00cb58128b,dependency,4.2,37,Rollback,Restart Dependency,0.0643,0.0,1.0,11.25,24.24,0.0789,0.7437,0.0,15,0,373.7,11.36,26.01,0.0921,0.12,0.0,0.883,0,7469
2026-10-06T17:06:53.%f+00:00,IG_00cb58128b,dependency,4.2,37,Restart Dependency,Restart Dependency,0.0643,0.0,1.0,11.25,24.24,0.0789,0.7437,0.0,15,0,373.7,5.0,12.0,0.0829,0.0,1.0,0.983,1,2721
2026-10-06T17:06:55.%f+00:00,IG_00b84f06ae,dependency,4.300000000000001,38,Do Nothing,Restart Dependency,0.0795,0.0,1.0,11.91,17.98,0.0862,0.7523,0.0,13,0,441.3,13.61,16.27,0.1173,0.0,0.0,0.886,0,168
2026-10-06T17:07:07.%f+00:00,IG_00b84f06ae,dependency,4.300000000000001,38,Scale Out,Restart Dependency,0.0795,0.0,1.0,11.91,17.98,0.0862,0.7523,0.0,13,0,441.3,10.7,19.33,0.1818,0.12,0.0,0.855,0,11076
2026-10-06T17:07:12.%f+00:00,IG_00b84f06ae,dependency,4.300000000000001,38,Restart Service,Restart Dependency,0.0795,0.0,1.0,11.91,17.98,0.0862,0.7523,0.0,13,0,441.3,5.0,12.0,0.0902,0.0,1.0,0.994,1,4505
2026-10-06T17:07:18.%f+00:00,IG_00b84f06ae,dependency,4.300000000000001,38,Rollback,Restart Dependency,0.0795,0.0,1.0,11.91,17.98,0.0862,0.7523,0.0,13,0,441.3,13.25,17.42,0.1087,0.12,0.0,0.841,0,4840
2026-10-06T17:07:23.%f+00:00,IG_00b84f06ae,dependency,4.300000000000001,38,Restart Dependency,Restart Dependency,0.0795,0.0,1.0,11.91,17.98,0.0862,0.7523,0.0,13,0,441.3,5.0,12.0,0.1047,0.0,1.0,0.988,1,4396
2026-10-06T17:07:26.%f+00:00,IG_0139a0fecc,dependency,4.4,39,Do Nothing,Restart Dependency,0.0383,0.0,1.0,8.2,21.67,0.0367,0.6577,0.0,12,0,371.3,7.93,21.47,0.0596,0.0,0.0,0.813,0,166
2026-10-06T17:07:38.%f+00:00,IG_0139a0fecc,dependency,4.4,39,Scale Out,Restart Dependency,0.0383,0.0,1.0,8.2,21.67,0.0367,0.6577,0.0,12,0,371.3,8.98,23.5,0.0609,0.0,0.0,0.759,0,11296
2026-10-06T17:07:44.%f+00:00,IG_0139a0fecc,dependency,4.4,39,Restart Service,Restart Dependency,0.0383,0.0,1.0,8.2,21.67,0.0367,0.6577,0.0,12,0,371.3,5.0,13.34,0.0459,0.0,1.0,1.0,1,5168
2026-10-06T17:07:49.%f+00:00,IG_0139a0fecc,dependency,4.4,39,Rollback,Restart Dependency,0.0383,0.0,1.0,8.2,21.67,0.0367,0.6577,0.0,12,0,371.3,7.47,22.93,0.0645,0.0,0.0,0.917,0,4540
2026-10-06T17:07:54.%f+00:00,IG_0139a0fecc,dependency,4.4,39,Restart Dependency,Restart Dependency,0.0383,0.0,1.0,8.2,21.67,0.0367,0.6577,0.0,12,0,371.3,5.0,12.55,0.0389,0.0,1.0,0.995,1,3716
